<?xml version="1.0" encoding="UTF-8" ?>
<!-- This is a WordPress eXtended RSS file generated by WordPress as an export of your site. -->
<!-- It contains information about your site's posts, pages, comments, categories, and other content. -->
<!-- You may use this file to transfer that content from one site to another. -->
<!-- This file is not intended to serve as a complete backup of your site. -->

<!-- To import this information into a WordPress site follow these steps: -->
<!-- 1. Log in to that site as an administrator. -->
<!-- 2. Go to Tools: Import in the WordPress admin panel. -->
<!-- 3. Install the "WordPress" importer from the list. -->
<!-- 4. Activate & Run Importer. -->
<!-- 5. Upload this file using the form provided on that page. -->
<!-- 6. You will first be asked to map the authors in this export file to users -->
<!--    on the site. For each author, you may choose to map to an -->
<!--    existing user on the site or to create a new user. -->
<!-- 7. WordPress will then import each of the posts, pages, comments, categories, etc. -->
<!--    contained in this file into your site. -->

<!-- generator="WordPress.com" created="2020-10-07 10:40"-->
<rss version="2.0"
	xmlns:excerpt="http://wordpress.org/export/1.2/excerpt/"
	xmlns:content="http://purl.org/rss/1.0/modules/content/"
	xmlns:wfw="http://wellformedweb.org/CommentAPI/"
	xmlns:dc="http://purl.org/dc/elements/1.1/"
	xmlns:wp="http://wordpress.org/export/1.2/"
>

<channel>
	<title>Virtual Assistants SA</title>
	<link>https://onlinevirtualassistantsa.wordpress.com</link>
	<description>Virtual Admin Support</description>
	<pubDate>Wed, 07 Oct 2020 10:40:26 +0000</pubDate>
	<language></language>
	<wp:wxr_version>1.2</wp:wxr_version>
	<wp:base_site_url>http://wordpress.com/</wp:base_site_url>
	<wp:base_blog_url>https://onlinevirtualassistantsa.wordpress.com</wp:base_blog_url>

	<wp:author><wp:author_id>192741064</wp:author_id><wp:author_login><![CDATA[luyandavirtual]]></wp:author_login><wp:author_email><![CDATA[bongekilentuli24@gmail.com]]></wp:author_email><wp:author_display_name><![CDATA[Raphaella Ntuli]]></wp:author_display_name><wp:author_first_name><![CDATA[Raphaella]]></wp:author_first_name><wp:author_last_name><![CDATA[Ntuli]]></wp:author_last_name></wp:author>

	<wp:category><wp:term_id>1</wp:term_id><wp:category_nicename>uncategorized</wp:category_nicename><wp:category_parent></wp:category_parent><wp:cat_name><![CDATA[Uncategorized]]></wp:cat_name>
</wp:category>
	<wp:term><wp:term_id>1357</wp:term_id><wp:term_taxonomy>nav_menu</wp:term_taxonomy><wp:term_slug><![CDATA[primary]]></wp:term_slug><wp:term_name><![CDATA[Primary]]></wp:term_name>
</wp:term>

	<generator>http://wordpress.com/</generator>

<image>
	<url>https://onlinevirtualassistantsa.files.wordpress.com/2020/09/wp-1599839166607.jpg?w=32</url>
	<title>Virtual Assistants SA</title>
	<link>https://onlinevirtualassistantsa.wordpress.com</link>
	<width>32</width>
	<height>32</height>
</image> 
	
	<item>
		<title>Home</title>
		<link>https://onlinevirtualassistantsa.wordpress.com/?page_id=2</link>
		<pubDate>Fri, 11 Sep 2020 15:40:45 +0000</pubDate>
		<dc:creator>luyandavirtual</dc:creator>
		<guid isPermaLink="false">https://onlinevirtualassistantsa.wordpress.com/?page_id=2</guid>
		<description></description>
		<content:encoded><![CDATA[<p>You're ready to add your own words and images to this page! Open the editor by clicking the <strong>Edit</strong> button, and make this page your own. (And for a general WordPress.com get-started guide, head to <a href="https://learn.wordpress.com">learn.wordpress.com</a>.)</p>]]></content:encoded>
		<excerpt:encoded><![CDATA[]]></excerpt:encoded>
		<wp:post_id>2</wp:post_id>
		<wp:post_date>2020-09-11 15:40:45</wp:post_date>
		<wp:post_date_gmt>2020-09-11 15:40:45</wp:post_date_gmt>
		<wp:comment_status>closed</wp:comment_status>
		<wp:ping_status>closed</wp:ping_status>
		<wp:post_name>home</wp:post_name>
		<wp:status>draft</wp:status>
		<wp:post_parent>0</wp:post_parent>
		<wp:menu_order>1</wp:menu_order>
		<wp:post_type>page</wp:post_type>
		<wp:post_password></wp:post_password>
		<wp:is_sticky>0</wp:is_sticky>
		<wp:postmeta>
			<wp:meta_key>_wp_page_template</wp:meta_key>
			<wp:meta_value><![CDATA[default]]></wp:meta_value>
		</wp:postmeta>
		<wp:postmeta>
			<wp:meta_key>sharing_disabled</wp:meta_key>
			<wp:meta_value><![CDATA[a:1:{i:0;i:0;}]]></wp:meta_value>
		</wp:postmeta>
		<wp:postmeta>
			<wp:meta_key>switch_like_status</wp:meta_key>
			<wp:meta_value><![CDATA[a:1:{i:0;i:0;}]]></wp:meta_value>
		</wp:postmeta>
		<wp:postmeta>
			<wp:meta_key>_starter_page_template</wp:meta_key>
			<wp:meta_value><![CDATA[]]></wp:meta_value>
		</wp:postmeta>
		<wp:postmeta>
			<wp:meta_key>_tft_existing_frontpage</wp:meta_key>
			<wp:meta_value><![CDATA[1]]></wp:meta_value>
		</wp:postmeta>
		<wp:postmeta>
			<wp:meta_key>_publicize_pending</wp:meta_key>
			<wp:meta_value><![CDATA[1]]></wp:meta_value>
		</wp:postmeta>
	</item>
	<item>
		<title>Blog</title>
		<link>https://onlinevirtualassistantsa.wordpress.com/blog/</link>
		<pubDate>Fri, 11 Sep 2020 15:40:44 +0000</pubDate>
		<dc:creator>luyandavirtual</dc:creator>
		<guid isPermaLink="false">https://onlinevirtualassistantsa.wordpress.com/?page_id=3</guid>
		<description></description>
		<content:encoded><![CDATA[This is the page where users will find your site's blog]]></content:encoded>
		<excerpt:encoded><![CDATA[]]></excerpt:encoded>
		<wp:post_id>3</wp:post_id>
		<wp:post_date>2020-09-11 15:40:44</wp:post_date>
		<wp:post_date_gmt>2020-09-11 15:40:44</wp:post_date_gmt>
		<wp:comment_status>closed</wp:comment_status>
		<wp:ping_status>closed</wp:ping_status>
		<wp:post_name>blog</wp:post_name>
		<wp:status>publish</wp:status>
		<wp:post_parent>0</wp:post_parent>
		<wp:menu_order>2</wp:menu_order>
		<wp:post_type>page</wp:post_type>
		<wp:post_password></wp:post_password>
		<wp:is_sticky>0</wp:is_sticky>
		<wp:postmeta>
			<wp:meta_key>_headstart_post</wp:meta_key>
			<wp:meta_value><![CDATA[_hs_blog_page]]></wp:meta_value>
		</wp:postmeta>
		<wp:postmeta>
			<wp:meta_key>sharing_disabled</wp:meta_key>
			<wp:meta_value><![CDATA[a:1:{i:0;i:0;}]]></wp:meta_value>
		</wp:postmeta>
		<wp:postmeta>
			<wp:meta_key>switch_like_status</wp:meta_key>
			<wp:meta_value><![CDATA[a:1:{i:0;i:0;}]]></wp:meta_value>
		</wp:postmeta>
		<wp:postmeta>
			<wp:meta_key>_starter_page_template</wp:meta_key>
			<wp:meta_value><![CDATA[]]></wp:meta_value>
		</wp:postmeta>
		<wp:postmeta>
			<wp:meta_key>_wpas_skip_all_services</wp:meta_key>
			<wp:meta_value><![CDATA[1]]></wp:meta_value>
		</wp:postmeta>
		<wp:postmeta>
			<wp:meta_key>_publicize_pending</wp:meta_key>
			<wp:meta_value><![CDATA[1]]></wp:meta_value>
		</wp:postmeta>
		<wp:postmeta>
			<wp:meta_key>_checklist_post_type</wp:meta_key>
			<wp:meta_value><![CDATA[_hs_blog_page]]></wp:meta_value>
		</wp:postmeta>
	</item>
	<item>
		<title>The Journey Begins</title>
		<link>https://onlinevirtualassistantsa.wordpress.com/2020/09/11/the-journey-begins/</link>
		<pubDate>Fri, 11 Sep 2020 15:40:43 +0000</pubDate>
		<dc:creator>luyandavirtual</dc:creator>
		<guid isPermaLink="false">https://onlinevirtualassistantsa.wordpress.com/?p=4</guid>
		<description></description>
		<content:encoded><![CDATA[Thanks for joining me! <blockquote>Good company in a journey makes the way seem shorter. — Izaak Walton</blockquote><img class="wp-image-7 size-full" src="https://twentysixteendemo.files.wordpress.com/2015/11/post.png" alt="post" width="1000" height="563" />]]></content:encoded>
		<excerpt:encoded><![CDATA[]]></excerpt:encoded>
		<wp:post_id>4</wp:post_id>
		<wp:post_date>2020-09-11 15:40:43</wp:post_date>
		<wp:post_date_gmt>2020-09-11 15:40:43</wp:post_date_gmt>
		<wp:comment_status>open</wp:comment_status>
		<wp:ping_status>open</wp:ping_status>
		<wp:post_name>the-journey-begins</wp:post_name>
		<wp:status>publish</wp:status>
		<wp:post_parent>0</wp:post_parent>
		<wp:menu_order>0</wp:menu_order>
		<wp:post_type>post</wp:post_type>
		<wp:post_password></wp:post_password>
		<wp:is_sticky>0</wp:is_sticky>
		<category domain="category" nicename="uncategorized"><![CDATA[Uncategorized]]></category>
		<wp:postmeta>
			<wp:meta_key>_headstart_post</wp:meta_key>
			<wp:meta_value><![CDATA[_hs_first_post]]></wp:meta_value>
		</wp:postmeta>
		<wp:postmeta>
			<wp:meta_key>sharing_disabled</wp:meta_key>
			<wp:meta_value><![CDATA[a:1:{i:0;i:0;}]]></wp:meta_value>
		</wp:postmeta>
		<wp:postmeta>
			<wp:meta_key>switch_like_status</wp:meta_key>
			<wp:meta_value><![CDATA[a:1:{i:0;i:0;}]]></wp:meta_value>
		</wp:postmeta>
		<wp:postmeta>
			<wp:meta_key>_starter_page_template</wp:meta_key>
			<wp:meta_value><![CDATA[]]></wp:meta_value>
		</wp:postmeta>
		<wp:postmeta>
			<wp:meta_key>_wpas_skip_all_services</wp:meta_key>
			<wp:meta_value><![CDATA[1]]></wp:meta_value>
		</wp:postmeta>
		<wp:postmeta>
			<wp:meta_key>_publicize_pending</wp:meta_key>
			<wp:meta_value><![CDATA[1]]></wp:meta_value>
		</wp:postmeta>
	</item>
	<item>
		<title>Contact</title>
		<link>https://onlinevirtualassistantsa.wordpress.com/contact/</link>
		<pubDate>Fri, 11 Sep 2020 15:40:42 +0000</pubDate>
		<dc:creator>luyandavirtual</dc:creator>
		<guid isPermaLink="false">https://onlinevirtualassistantsa.wordpress.com/?page_id=5</guid>
		<description></description>
		<content:encoded><![CDATA[This is a contact page with some basic contact information and a contact form. [contact-form][contact-field label="Name" type="name" required="1"/][contact-field label="Email" type="email" required="1"/][contact-field label="Website" type="url"/][contact-field label="Comment" type="textarea" required="1"/][/contact-form]]]></content:encoded>
		<excerpt:encoded><![CDATA[]]></excerpt:encoded>
		<wp:post_id>5</wp:post_id>
		<wp:post_date>2020-09-11 15:40:42</wp:post_date>
		<wp:post_date_gmt>2020-09-11 15:40:42</wp:post_date_gmt>
		<wp:comment_status>closed</wp:comment_status>
		<wp:ping_status>closed</wp:ping_status>
		<wp:post_name>contact</wp:post_name>
		<wp:status>publish</wp:status>
		<wp:post_parent>0</wp:post_parent>
		<wp:menu_order>4</wp:menu_order>
		<wp:post_type>page</wp:post_type>
		<wp:post_password></wp:post_password>
		<wp:is_sticky>0</wp:is_sticky>
		<wp:postmeta>
			<wp:meta_key>_headstart_post</wp:meta_key>
			<wp:meta_value><![CDATA[_hs_contact_page]]></wp:meta_value>
		</wp:postmeta>
		<wp:postmeta>
			<wp:meta_key>sharing_disabled</wp:meta_key>
			<wp:meta_value><![CDATA[a:1:{i:0;i:0;}]]></wp:meta_value>
		</wp:postmeta>
		<wp:postmeta>
			<wp:meta_key>switch_like_status</wp:meta_key>
			<wp:meta_value><![CDATA[a:1:{i:0;i:0;}]]></wp:meta_value>
		</wp:postmeta>
		<wp:postmeta>
			<wp:meta_key>_starter_page_template</wp:meta_key>
			<wp:meta_value><![CDATA[]]></wp:meta_value>
		</wp:postmeta>
		<wp:postmeta>
			<wp:meta_key>_wpas_skip_all_services</wp:meta_key>
			<wp:meta_value><![CDATA[1]]></wp:meta_value>
		</wp:postmeta>
		<wp:postmeta>
			<wp:meta_key>_publicize_pending</wp:meta_key>
			<wp:meta_value><![CDATA[1]]></wp:meta_value>
		</wp:postmeta>
		<wp:postmeta>
			<wp:meta_key>_checklist_post_type</wp:meta_key>
			<wp:meta_value><![CDATA[_hs_contact_page]]></wp:meta_value>
		</wp:postmeta>
		<wp:postmeta>
			<wp:meta_key>_g_feedback_shortcode_6c040f6a54d08b15498e9bfb7b96b14497ae1c45</wp:meta_key>
			<wp:meta_value><![CDATA[[contact-field label="Name" type="name" required="1"/][contact-field label="Email" type="email" required="1"/][contact-field label="Website" type="url"/][contact-field label="Comment" type="textarea" required="1"/]]]></wp:meta_value>
		</wp:postmeta>
		<wp:postmeta>
			<wp:meta_key>_g_feedback_shortcode_atts_6c040f6a54d08b15498e9bfb7b96b14497ae1c45</wp:meta_key>
			<wp:meta_value><![CDATA[a:10:{s:2:"to";s:26:"bongekilentuli24@gmail.com";s:7:"subject";s:31:"[Virtual Assistants SA] Contact";s:12:"show_subject";s:2:"no";s:6:"widget";i:0;s:2:"id";i:5;s:18:"submit_button_text";s:6:"Submit";s:14:"customThankyou";s:0:"";s:21:"customThankyouMessage";s:30:"Thank you for your submission!";s:22:"customThankyouRedirect";s:0:"";s:10:"jetpackCRM";b:1;}]]></wp:meta_value>
		</wp:postmeta>
	</item>
	<item>
		<title>Home</title>
		<link>https://onlinevirtualassistantsa.wordpress.com/2020/09/11/home/</link>
		<pubDate>Fri, 11 Sep 2020 15:45:45 +0000</pubDate>
		<dc:creator>luyandavirtual</dc:creator>
		<guid isPermaLink="false">https://onlinevirtualassistantsa.wordpress.com/2020/09/11/home/</guid>
		<description></description>
		<content:encoded><![CDATA[]]></content:encoded>
		<excerpt:encoded><![CDATA[]]></excerpt:encoded>
		<wp:post_id>10</wp:post_id>
		<wp:post_date>2020-09-11 15:45:45</wp:post_date>
		<wp:post_date_gmt>2020-09-11 15:45:45</wp:post_date_gmt>
		<wp:comment_status>closed</wp:comment_status>
		<wp:ping_status>closed</wp:ping_status>
		<wp:post_name>home</wp:post_name>
		<wp:status>publish</wp:status>
		<wp:post_parent>0</wp:post_parent>
		<wp:menu_order>1</wp:menu_order>
		<wp:post_type>nav_menu_item</wp:post_type>
		<wp:post_password></wp:post_password>
		<wp:is_sticky>0</wp:is_sticky>
		<category domain="nav_menu" nicename="primary"><![CDATA[Primary]]></category>
		<wp:postmeta>
			<wp:meta_key>_publicize_pending</wp:meta_key>
			<wp:meta_value><![CDATA[1]]></wp:meta_value>
		</wp:postmeta>
		<wp:postmeta>
			<wp:meta_key>_menu_item_type</wp:meta_key>
			<wp:meta_value><![CDATA[custom]]></wp:meta_value>
		</wp:postmeta>
		<wp:postmeta>
			<wp:meta_key>_menu_item_menu_item_parent</wp:meta_key>
			<wp:meta_value><![CDATA[0]]></wp:meta_value>
		</wp:postmeta>
		<wp:postmeta>
			<wp:meta_key>_menu_item_object_id</wp:meta_key>
			<wp:meta_value><![CDATA[10]]></wp:meta_value>
		</wp:postmeta>
		<wp:postmeta>
			<wp:meta_key>_menu_item_object</wp:meta_key>
			<wp:meta_value><![CDATA[custom]]></wp:meta_value>
		</wp:postmeta>
		<wp:postmeta>
			<wp:meta_key>_menu_item_target</wp:meta_key>
			<wp:meta_value><![CDATA[]]></wp:meta_value>
		</wp:postmeta>
		<wp:postmeta>
			<wp:meta_key>_menu_item_classes</wp:meta_key>
			<wp:meta_value><![CDATA[a:1:{i:0;s:0:"";}]]></wp:meta_value>
		</wp:postmeta>
		<wp:postmeta>
			<wp:meta_key>_menu_item_xfn</wp:meta_key>
			<wp:meta_value><![CDATA[]]></wp:meta_value>
		</wp:postmeta>
		<wp:postmeta>
			<wp:meta_key>_menu_item_url</wp:meta_key>
			<wp:meta_value><![CDATA[/]]></wp:meta_value>
		</wp:postmeta>
		<wp:postmeta>
			<wp:meta_key>_menu_item_content</wp:meta_key>
			<wp:meta_value><![CDATA[]]></wp:meta_value>
		</wp:postmeta>
	</item>
	<item>
		<title></title>
		<link>https://onlinevirtualassistantsa.wordpress.com/2020/09/11/12/</link>
		<pubDate>Fri, 11 Sep 2020 15:45:45 +0000</pubDate>
		<dc:creator>luyandavirtual</dc:creator>
		<guid isPermaLink="false">https://onlinevirtualassistantsa.wordpress.com/2020/09/11/12/</guid>
		<description></description>
		<content:encoded><![CDATA[ ]]></content:encoded>
		<excerpt:encoded><![CDATA[]]></excerpt:encoded>
		<wp:post_id>12</wp:post_id>
		<wp:post_date>2020-09-11 15:45:45</wp:post_date>
		<wp:post_date_gmt>2020-09-11 15:45:45</wp:post_date_gmt>
		<wp:comment_status>closed</wp:comment_status>
		<wp:ping_status>closed</wp:ping_status>
		<wp:post_name>12</wp:post_name>
		<wp:status>publish</wp:status>
		<wp:post_parent>0</wp:post_parent>
		<wp:menu_order>4</wp:menu_order>
		<wp:post_type>nav_menu_item</wp:post_type>
		<wp:post_password></wp:post_password>
		<wp:is_sticky>0</wp:is_sticky>
		<category domain="nav_menu" nicename="primary"><![CDATA[Primary]]></category>
		<wp:postmeta>
			<wp:meta_key>_publicize_pending</wp:meta_key>
			<wp:meta_value><![CDATA[1]]></wp:meta_value>
		</wp:postmeta>
		<wp:postmeta>
			<wp:meta_key>_menu_item_type</wp:meta_key>
			<wp:meta_value><![CDATA[post_type]]></wp:meta_value>
		</wp:postmeta>
		<wp:postmeta>
			<wp:meta_key>_menu_item_menu_item_parent</wp:meta_key>
			<wp:meta_value><![CDATA[0]]></wp:meta_value>
		</wp:postmeta>
		<wp:postmeta>
			<wp:meta_key>_menu_item_object_id</wp:meta_key>
			<wp:meta_value><![CDATA[5]]></wp:meta_value>
		</wp:postmeta>
		<wp:postmeta>
			<wp:meta_key>_menu_item_object</wp:meta_key>
			<wp:meta_value><![CDATA[page]]></wp:meta_value>
		</wp:postmeta>
		<wp:postmeta>
			<wp:meta_key>_menu_item_target</wp:meta_key>
			<wp:meta_value><![CDATA[]]></wp:meta_value>
		</wp:postmeta>
		<wp:postmeta>
			<wp:meta_key>_menu_item_classes</wp:meta_key>
			<wp:meta_value><![CDATA[a:1:{i:0;s:0:"";}]]></wp:meta_value>
		</wp:postmeta>
		<wp:postmeta>
			<wp:meta_key>_menu_item_xfn</wp:meta_key>
			<wp:meta_value><![CDATA[]]></wp:meta_value>
		</wp:postmeta>
		<wp:postmeta>
			<wp:meta_key>_menu_item_url</wp:meta_key>
			<wp:meta_value><![CDATA[]]></wp:meta_value>
		</wp:postmeta>
		<wp:postmeta>
			<wp:meta_key>_menu_item_content</wp:meta_key>
			<wp:meta_value><![CDATA[]]></wp:meta_value>
		</wp:postmeta>
	</item>
	<item>
		<title>Placeholder Image</title>
		<link>https://onlinevirtualassistantsa.wordpress.com/placeholder-image/</link>
		<pubDate>Fri, 11 Sep 2020 15:45:46 +0000</pubDate>
		<dc:creator>luyandavirtual</dc:creator>
		<guid isPermaLink="false">http://onlinevirtualassistantsa.files.wordpress.com/2020/09/were-open-sign.jpg</guid>
		<description></description>
		<content:encoded><![CDATA[]]></content:encoded>
		<excerpt:encoded><![CDATA[]]></excerpt:encoded>
		<wp:post_id>13</wp:post_id>
		<wp:post_date>2020-09-11 15:45:46</wp:post_date>
		<wp:post_date_gmt>2020-09-11 15:45:46</wp:post_date_gmt>
		<wp:comment_status>closed</wp:comment_status>
		<wp:ping_status>closed</wp:ping_status>
		<wp:post_name>placeholder-image</wp:post_name>
		<wp:status>inherit</wp:status>
		<wp:post_parent>0</wp:post_parent>
		<wp:menu_order>0</wp:menu_order>
		<wp:post_type>attachment</wp:post_type>
		<wp:post_password></wp:post_password>
		<wp:is_sticky>0</wp:is_sticky>
		<wp:attachment_url>https://onlinevirtualassistantsa.files.wordpress.com/2020/09/were-open-sign.jpg</wp:attachment_url>
		<wp:postmeta>
			<wp:meta_key>_wp_attached_file</wp:meta_key>
			<wp:meta_value><![CDATA[/home/wpcom/public_html/wp-content/blogs.dir/fa4/182727644/files/2020/09/were-open-sign.jpg]]></wp:meta_value>
		</wp:postmeta>
		<wp:postmeta>
			<wp:meta_key>_wp_attachment_metadata</wp:meta_key>
			<wp:meta_value><![CDATA[a:6:{s:5:"width";i:1200;s:6:"height";i:800;s:4:"file";s:91:"/home/wpcom/public_html/wp-content/blogs.dir/fa4/182727644/files/2020/09/were-open-sign.jpg";s:5:"sizes";a:0:{}s:10:"image_meta";a:12:{s:8:"aperture";s:1:"0";s:6:"credit";s:0:"";s:6:"camera";s:0:"";s:7:"caption";s:0:"";s:17:"created_timestamp";s:1:"0";s:9:"copyright";s:0:"";s:12:"focal_length";s:1:"0";s:3:"iso";s:1:"0";s:13:"shutter_speed";s:1:"0";s:5:"title";s:0:"";s:11:"orientation";s:1:"0";s:8:"keywords";a:0:{}}s:8:"filesize";i:89151;}]]></wp:meta_value>
		</wp:postmeta>
	</item>
	<item>
		<title>Placeholder Image</title>
		<link>https://onlinevirtualassistantsa.wordpress.com/placeholder-image-2/</link>
		<pubDate>Fri, 11 Sep 2020 15:45:46 +0000</pubDate>
		<dc:creator>luyandavirtual</dc:creator>
		<guid isPermaLink="false">http://onlinevirtualassistantsa.files.wordpress.com/2020/09/bonjour-869208_1920.jpg</guid>
		<description></description>
		<content:encoded><![CDATA[]]></content:encoded>
		<excerpt:encoded><![CDATA[]]></excerpt:encoded>
		<wp:post_id>14</wp:post_id>
		<wp:post_date>2020-09-11 15:45:46</wp:post_date>
		<wp:post_date_gmt>2020-09-11 15:45:46</wp:post_date_gmt>
		<wp:comment_status>closed</wp:comment_status>
		<wp:ping_status>closed</wp:ping_status>
		<wp:post_name>placeholder-image-2</wp:post_name>
		<wp:status>inherit</wp:status>
		<wp:post_parent>0</wp:post_parent>
		<wp:menu_order>0</wp:menu_order>
		<wp:post_type>attachment</wp:post_type>
		<wp:post_password></wp:post_password>
		<wp:is_sticky>0</wp:is_sticky>
		<wp:attachment_url>https://onlinevirtualassistantsa.files.wordpress.com/2020/09/bonjour-869208_1920.jpg</wp:attachment_url>
		<wp:postmeta>
			<wp:meta_key>_wp_attached_file</wp:meta_key>
			<wp:meta_value><![CDATA[/home/wpcom/public_html/wp-content/blogs.dir/fa4/182727644/files/2020/09/bonjour-869208_1920.jpg]]></wp:meta_value>
		</wp:postmeta>
		<wp:postmeta>
			<wp:meta_key>_wp_attachment_metadata</wp:meta_key>
			<wp:meta_value><![CDATA[a:6:{s:5:"width";i:1600;s:6:"height";i:1067;s:4:"file";s:96:"/home/wpcom/public_html/wp-content/blogs.dir/fa4/182727644/files/2020/09/bonjour-869208_1920.jpg";s:5:"sizes";a:0:{}s:10:"image_meta";a:12:{s:8:"aperture";s:1:"0";s:6:"credit";s:0:"";s:6:"camera";s:0:"";s:7:"caption";s:0:"";s:17:"created_timestamp";s:1:"0";s:9:"copyright";s:0:"";s:12:"focal_length";s:1:"0";s:3:"iso";s:1:"0";s:13:"shutter_speed";s:1:"0";s:5:"title";s:0:"";s:11:"orientation";s:1:"0";s:8:"keywords";a:0:{}}s:8:"filesize";i:92987;}]]></wp:meta_value>
		</wp:postmeta>
	</item>
	<item>
		<title>Placeholder Image</title>
		<link>https://onlinevirtualassistantsa.wordpress.com/placeholder-image-3/</link>
		<pubDate>Fri, 11 Sep 2020 15:45:46 +0000</pubDate>
		<dc:creator>luyandavirtual</dc:creator>
		<guid isPermaLink="false">http://onlinevirtualassistantsa.files.wordpress.com/2020/09/person-801829_1920.jpg</guid>
		<description></description>
		<content:encoded><![CDATA[]]></content:encoded>
		<excerpt:encoded><![CDATA[]]></excerpt:encoded>
		<wp:post_id>15</wp:post_id>
		<wp:post_date>2020-09-11 15:45:46</wp:post_date>
		<wp:post_date_gmt>2020-09-11 15:45:46</wp:post_date_gmt>
		<wp:comment_status>closed</wp:comment_status>
		<wp:ping_status>closed</wp:ping_status>
		<wp:post_name>placeholder-image-3</wp:post_name>
		<wp:status>inherit</wp:status>
		<wp:post_parent>0</wp:post_parent>
		<wp:menu_order>0</wp:menu_order>
		<wp:post_type>attachment</wp:post_type>
		<wp:post_password></wp:post_password>
		<wp:is_sticky>0</wp:is_sticky>
		<wp:attachment_url>https://onlinevirtualassistantsa.files.wordpress.com/2020/09/person-801829_1920.jpg</wp:attachment_url>
		<wp:postmeta>
			<wp:meta_key>_wp_attached_file</wp:meta_key>
			<wp:meta_value><![CDATA[/home/wpcom/public_html/wp-content/blogs.dir/fa4/182727644/files/2020/09/person-801829_1920.jpg]]></wp:meta_value>
		</wp:postmeta>
		<wp:postmeta>
			<wp:meta_key>_wp_attachment_metadata</wp:meta_key>
			<wp:meta_value><![CDATA[a:6:{s:5:"width";i:1600;s:6:"height";i:1067;s:4:"file";s:95:"/home/wpcom/public_html/wp-content/blogs.dir/fa4/182727644/files/2020/09/person-801829_1920.jpg";s:5:"sizes";a:0:{}s:10:"image_meta";a:12:{s:8:"aperture";s:1:"0";s:6:"credit";s:0:"";s:6:"camera";s:0:"";s:7:"caption";s:0:"";s:17:"created_timestamp";s:1:"0";s:9:"copyright";s:0:"";s:12:"focal_length";s:1:"0";s:3:"iso";s:1:"0";s:13:"shutter_speed";s:1:"0";s:5:"title";s:0:"";s:11:"orientation";s:1:"0";s:8:"keywords";a:0:{}}s:8:"filesize";i:60985;}]]></wp:meta_value>
		</wp:postmeta>
	</item>
	<item>
		<title>Placeholder Image</title>
		<link>https://onlinevirtualassistantsa.wordpress.com/placeholder-image-4/</link>
		<pubDate>Fri, 11 Sep 2020 15:45:47 +0000</pubDate>
		<dc:creator>luyandavirtual</dc:creator>
		<guid isPermaLink="false">http://onlinevirtualassistantsa.files.wordpress.com/2020/09/phone-table.jpg</guid>
		<description></description>
		<content:encoded><![CDATA[]]></content:encoded>
		<excerpt:encoded><![CDATA[]]></excerpt:encoded>
		<wp:post_id>16</wp:post_id>
		<wp:post_date>2020-09-11 15:45:47</wp:post_date>
		<wp:post_date_gmt>2020-09-11 15:45:47</wp:post_date_gmt>
		<wp:comment_status>closed</wp:comment_status>
		<wp:ping_status>closed</wp:ping_status>
		<wp:post_name>placeholder-image-4</wp:post_name>
		<wp:status>inherit</wp:status>
		<wp:post_parent>0</wp:post_parent>
		<wp:menu_order>0</wp:menu_order>
		<wp:post_type>attachment</wp:post_type>
		<wp:post_password></wp:post_password>
		<wp:is_sticky>0</wp:is_sticky>
		<wp:attachment_url>https://onlinevirtualassistantsa.files.wordpress.com/2020/09/phone-table.jpg</wp:attachment_url>
		<wp:postmeta>
			<wp:meta_key>_wp_attached_file</wp:meta_key>
			<wp:meta_value><![CDATA[/home/wpcom/public_html/wp-content/blogs.dir/fa4/182727644/files/2020/09/phone-table.jpg]]></wp:meta_value>
		</wp:postmeta>
		<wp:postmeta>
			<wp:meta_key>_wp_attachment_metadata</wp:meta_key>
			<wp:meta_value><![CDATA[a:6:{s:5:"width";i:1600;s:6:"height";i:1067;s:4:"file";s:88:"/home/wpcom/public_html/wp-content/blogs.dir/fa4/182727644/files/2020/09/phone-table.jpg";s:5:"sizes";a:0:{}s:10:"image_meta";a:12:{s:8:"aperture";s:3:"1.8";s:6:"credit";s:0:"";s:6:"camera";s:15:"Canon EOS 1000D";s:7:"caption";s:0:"";s:17:"created_timestamp";s:1:"0";s:9:"copyright";s:0:"";s:12:"focal_length";s:2:"50";s:3:"iso";s:3:"200";s:13:"shutter_speed";s:5:"0.004";s:5:"title";s:0:"";s:11:"orientation";s:1:"0";s:8:"keywords";a:0:{}}s:8:"filesize";i:115538;}]]></wp:meta_value>
		</wp:postmeta>
	</item>
	<item>
		<title>Placeholder Image</title>
		<link>https://onlinevirtualassistantsa.wordpress.com/placeholder-image-5/</link>
		<pubDate>Fri, 11 Sep 2020 15:45:47 +0000</pubDate>
		<dc:creator>luyandavirtual</dc:creator>
		<guid isPermaLink="false">http://onlinevirtualassistantsa.files.wordpress.com/2020/09/cashual-meeting.jpg</guid>
		<description></description>
		<content:encoded><![CDATA[]]></content:encoded>
		<excerpt:encoded><![CDATA[]]></excerpt:encoded>
		<wp:post_id>17</wp:post_id>
		<wp:post_date>2020-09-11 15:45:47</wp:post_date>
		<wp:post_date_gmt>2020-09-11 15:45:47</wp:post_date_gmt>
		<wp:comment_status>closed</wp:comment_status>
		<wp:ping_status>closed</wp:ping_status>
		<wp:post_name>placeholder-image-5</wp:post_name>
		<wp:status>inherit</wp:status>
		<wp:post_parent>0</wp:post_parent>
		<wp:menu_order>0</wp:menu_order>
		<wp:post_type>attachment</wp:post_type>
		<wp:post_password></wp:post_password>
		<wp:is_sticky>0</wp:is_sticky>
		<wp:attachment_url>https://onlinevirtualassistantsa.files.wordpress.com/2020/09/cashual-meeting.jpg</wp:attachment_url>
		<wp:postmeta>
			<wp:meta_key>_wp_attached_file</wp:meta_key>
			<wp:meta_value><![CDATA[/home/wpcom/public_html/wp-content/blogs.dir/fa4/182727644/files/2020/09/cashual-meeting.jpg]]></wp:meta_value>
		</wp:postmeta>
		<wp:postmeta>
			<wp:meta_key>_wp_attachment_metadata</wp:meta_key>
			<wp:meta_value><![CDATA[a:6:{s:5:"width";i:1600;s:6:"height";i:1067;s:4:"file";s:92:"/home/wpcom/public_html/wp-content/blogs.dir/fa4/182727644/files/2020/09/cashual-meeting.jpg";s:5:"sizes";a:0:{}s:10:"image_meta";a:12:{s:8:"aperture";s:3:"2.8";s:6:"credit";s:0:"";s:6:"camera";s:12:"Canon EOS 6D";s:7:"caption";s:0:"";s:17:"created_timestamp";s:1:"0";s:9:"copyright";s:0:"";s:12:"focal_length";s:2:"63";s:3:"iso";s:3:"200";s:13:"shutter_speed";s:5:"0.004";s:5:"title";s:0:"";s:11:"orientation";s:1:"0";s:8:"keywords";a:0:{}}s:8:"filesize";i:128582;}]]></wp:meta_value>
		</wp:postmeta>
	</item>
	<item>
		<title>Placeholder Image</title>
		<link>https://onlinevirtualassistantsa.wordpress.com/placeholder-image-6/</link>
		<pubDate>Fri, 11 Sep 2020 15:45:47 +0000</pubDate>
		<dc:creator>luyandavirtual</dc:creator>
		<guid isPermaLink="false">http://onlinevirtualassistantsa.files.wordpress.com/2020/09/pexels-355952.jpg</guid>
		<description></description>
		<content:encoded><![CDATA[]]></content:encoded>
		<excerpt:encoded><![CDATA[]]></excerpt:encoded>
		<wp:post_id>18</wp:post_id>
		<wp:post_date>2020-09-11 15:45:47</wp:post_date>
		<wp:post_date_gmt>2020-09-11 15:45:47</wp:post_date_gmt>
		<wp:comment_status>closed</wp:comment_status>
		<wp:ping_status>closed</wp:ping_status>
		<wp:post_name>placeholder-image-6</wp:post_name>
		<wp:status>inherit</wp:status>
		<wp:post_parent>0</wp:post_parent>
		<wp:menu_order>0</wp:menu_order>
		<wp:post_type>attachment</wp:post_type>
		<wp:post_password></wp:post_password>
		<wp:is_sticky>0</wp:is_sticky>
		<wp:attachment_url>https://onlinevirtualassistantsa.files.wordpress.com/2020/09/pexels-355952.jpg</wp:attachment_url>
		<wp:postmeta>
			<wp:meta_key>_wp_attached_file</wp:meta_key>
			<wp:meta_value><![CDATA[/home/wpcom/public_html/wp-content/blogs.dir/fa4/182727644/files/2020/09/pexels-355952.jpg]]></wp:meta_value>
		</wp:postmeta>
		<wp:postmeta>
			<wp:meta_key>_wp_attachment_metadata</wp:meta_key>
			<wp:meta_value><![CDATA[a:6:{s:5:"width";i:1600;s:6:"height";i:1112;s:4:"file";s:90:"/home/wpcom/public_html/wp-content/blogs.dir/fa4/182727644/files/2020/09/pexels-355952.jpg";s:5:"sizes";a:0:{}s:10:"image_meta";a:12:{s:8:"aperture";s:1:"0";s:6:"credit";s:0:"";s:6:"camera";s:0:"";s:7:"caption";s:0:"";s:17:"created_timestamp";s:1:"0";s:9:"copyright";s:0:"";s:12:"focal_length";s:1:"0";s:3:"iso";s:1:"0";s:13:"shutter_speed";s:1:"0";s:5:"title";s:0:"";s:11:"orientation";s:1:"0";s:8:"keywords";a:0:{}}s:8:"filesize";i:132608;}]]></wp:meta_value>
		</wp:postmeta>
	</item>
	<item>
		<title>Placeholder Image</title>
		<link>https://onlinevirtualassistantsa.wordpress.com/placeholder-image-7/</link>
		<pubDate>Fri, 11 Sep 2020 15:45:47 +0000</pubDate>
		<dc:creator>luyandavirtual</dc:creator>
		<guid isPermaLink="false">http://onlinevirtualassistantsa.files.wordpress.com/2020/09/open.jpg</guid>
		<description></description>
		<content:encoded><![CDATA[]]></content:encoded>
		<excerpt:encoded><![CDATA[]]></excerpt:encoded>
		<wp:post_id>19</wp:post_id>
		<wp:post_date>2020-09-11 15:45:47</wp:post_date>
		<wp:post_date_gmt>2020-09-11 15:45:47</wp:post_date_gmt>
		<wp:comment_status>closed</wp:comment_status>
		<wp:ping_status>closed</wp:ping_status>
		<wp:post_name>placeholder-image-7</wp:post_name>
		<wp:status>inherit</wp:status>
		<wp:post_parent>0</wp:post_parent>
		<wp:menu_order>0</wp:menu_order>
		<wp:post_type>attachment</wp:post_type>
		<wp:post_password></wp:post_password>
		<wp:is_sticky>0</wp:is_sticky>
		<wp:attachment_url>https://onlinevirtualassistantsa.files.wordpress.com/2020/09/open.jpg</wp:attachment_url>
		<wp:postmeta>
			<wp:meta_key>_wp_attached_file</wp:meta_key>
			<wp:meta_value><![CDATA[/home/wpcom/public_html/wp-content/blogs.dir/fa4/182727644/files/2020/09/open.jpg]]></wp:meta_value>
		</wp:postmeta>
		<wp:postmeta>
			<wp:meta_key>_wp_attachment_metadata</wp:meta_key>
			<wp:meta_value><![CDATA[a:6:{s:5:"width";i:1600;s:6:"height";i:1091;s:4:"file";s:81:"/home/wpcom/public_html/wp-content/blogs.dir/fa4/182727644/files/2020/09/open.jpg";s:5:"sizes";a:0:{}s:10:"image_meta";a:12:{s:8:"aperture";s:1:"0";s:6:"credit";s:0:"";s:6:"camera";s:0:"";s:7:"caption";s:0:"";s:17:"created_timestamp";s:1:"0";s:9:"copyright";s:0:"";s:12:"focal_length";s:1:"0";s:3:"iso";s:1:"0";s:13:"shutter_speed";s:1:"0";s:5:"title";s:0:"";s:11:"orientation";s:1:"1";s:8:"keywords";a:0:{}}s:8:"filesize";i:61888;}]]></wp:meta_value>
		</wp:postmeta>
	</item>
	<item>
		<title>Placeholder Image</title>
		<link>https://onlinevirtualassistantsa.wordpress.com/placeholder-image-8/</link>
		<pubDate>Fri, 11 Sep 2020 15:45:47 +0000</pubDate>
		<dc:creator>luyandavirtual</dc:creator>
		<guid isPermaLink="false">http://onlinevirtualassistantsa.files.wordpress.com/2020/09/bolivia-2209804_1920.jpg</guid>
		<description></description>
		<content:encoded><![CDATA[]]></content:encoded>
		<excerpt:encoded><![CDATA[]]></excerpt:encoded>
		<wp:post_id>20</wp:post_id>
		<wp:post_date>2020-09-11 15:45:47</wp:post_date>
		<wp:post_date_gmt>2020-09-11 15:45:47</wp:post_date_gmt>
		<wp:comment_status>closed</wp:comment_status>
		<wp:ping_status>closed</wp:ping_status>
		<wp:post_name>placeholder-image-8</wp:post_name>
		<wp:status>inherit</wp:status>
		<wp:post_parent>0</wp:post_parent>
		<wp:menu_order>0</wp:menu_order>
		<wp:post_type>attachment</wp:post_type>
		<wp:post_password></wp:post_password>
		<wp:is_sticky>0</wp:is_sticky>
		<wp:attachment_url>https://onlinevirtualassistantsa.files.wordpress.com/2020/09/bolivia-2209804_1920.jpg</wp:attachment_url>
		<wp:postmeta>
			<wp:meta_key>_wp_attached_file</wp:meta_key>
			<wp:meta_value><![CDATA[/home/wpcom/public_html/wp-content/blogs.dir/fa4/182727644/files/2020/09/bolivia-2209804_1920.jpg]]></wp:meta_value>
		</wp:postmeta>
		<wp:postmeta>
			<wp:meta_key>_wp_attachment_metadata</wp:meta_key>
			<wp:meta_value><![CDATA[a:6:{s:5:"width";i:1600;s:6:"height";i:1066;s:4:"file";s:97:"/home/wpcom/public_html/wp-content/blogs.dir/fa4/182727644/files/2020/09/bolivia-2209804_1920.jpg";s:5:"sizes";a:0:{}s:10:"image_meta";a:12:{s:8:"aperture";s:1:"0";s:6:"credit";s:0:"";s:6:"camera";s:0:"";s:7:"caption";s:0:"";s:17:"created_timestamp";s:1:"0";s:9:"copyright";s:0:"";s:12:"focal_length";s:1:"0";s:3:"iso";s:1:"0";s:13:"shutter_speed";s:1:"0";s:5:"title";s:0:"";s:11:"orientation";s:1:"0";s:8:"keywords";a:0:{}}s:8:"filesize";i:67578;}]]></wp:meta_value>
		</wp:postmeta>
	</item>
	<item>
		<title>Placeholder Image</title>
		<link>https://onlinevirtualassistantsa.wordpress.com/placeholder-image-9/</link>
		<pubDate>Fri, 11 Sep 2020 15:45:48 +0000</pubDate>
		<dc:creator>luyandavirtual</dc:creator>
		<guid isPermaLink="false">http://onlinevirtualassistantsa.files.wordpress.com/2020/09/lotus-flower-logo.png</guid>
		<description></description>
		<content:encoded><![CDATA[]]></content:encoded>
		<excerpt:encoded><![CDATA[]]></excerpt:encoded>
		<wp:post_id>21</wp:post_id>
		<wp:post_date>2020-09-11 15:45:48</wp:post_date>
		<wp:post_date_gmt>2020-09-11 15:45:48</wp:post_date_gmt>
		<wp:comment_status>closed</wp:comment_status>
		<wp:ping_status>closed</wp:ping_status>
		<wp:post_name>placeholder-image-9</wp:post_name>
		<wp:status>inherit</wp:status>
		<wp:post_parent>0</wp:post_parent>
		<wp:menu_order>0</wp:menu_order>
		<wp:post_type>attachment</wp:post_type>
		<wp:post_password></wp:post_password>
		<wp:is_sticky>0</wp:is_sticky>
		<wp:attachment_url>https://onlinevirtualassistantsa.files.wordpress.com/2020/09/lotus-flower-logo.png</wp:attachment_url>
		<wp:postmeta>
			<wp:meta_key>_wp_attached_file</wp:meta_key>
			<wp:meta_value><![CDATA[/home/wpcom/public_html/wp-content/blogs.dir/fa4/182727644/files/2020/09/lotus-flower-logo.png]]></wp:meta_value>
		</wp:postmeta>
		<wp:postmeta>
			<wp:meta_key>_wp_attachment_metadata</wp:meta_key>
			<wp:meta_value><![CDATA[a:6:{s:5:"width";i:500;s:6:"height";i:381;s:4:"file";s:94:"/home/wpcom/public_html/wp-content/blogs.dir/fa4/182727644/files/2020/09/lotus-flower-logo.png";s:5:"sizes";a:0:{}s:10:"image_meta";a:12:{s:8:"aperture";s:1:"0";s:6:"credit";s:0:"";s:6:"camera";s:0:"";s:7:"caption";s:0:"";s:17:"created_timestamp";s:1:"0";s:9:"copyright";s:0:"";s:12:"focal_length";s:1:"0";s:3:"iso";s:1:"0";s:13:"shutter_speed";s:1:"0";s:5:"title";s:0:"";s:11:"orientation";s:1:"0";s:8:"keywords";a:0:{}}s:8:"filesize";i:17352;}]]></wp:meta_value>
		</wp:postmeta>
	</item>
	<item>
		<title>wp-1599839166607.jpg</title>
		<link>https://onlinevirtualassistantsa.wordpress.com/wp-1599839166607/</link>
		<pubDate>Fri, 11 Sep 2020 15:46:09 +0000</pubDate>
		<dc:creator>luyandavirtual</dc:creator>
		<guid isPermaLink="false">http://onlinevirtualassistantsa.files.wordpress.com/2020/09/wp-1599839166607.jpg</guid>
		<description></description>
		<content:encoded><![CDATA[]]></content:encoded>
		<excerpt:encoded><![CDATA[]]></excerpt:encoded>
		<wp:post_id>22</wp:post_id>
		<wp:post_date>2020-09-11 15:46:09</wp:post_date>
		<wp:post_date_gmt>2020-09-11 15:46:09</wp:post_date_gmt>
		<wp:comment_status>closed</wp:comment_status>
		<wp:ping_status>closed</wp:ping_status>
		<wp:post_name>wp-1599839166607</wp:post_name>
		<wp:status>inherit</wp:status>
		<wp:post_parent>0</wp:post_parent>
		<wp:menu_order>0</wp:menu_order>
		<wp:post_type>attachment</wp:post_type>
		<wp:post_password></wp:post_password>
		<wp:is_sticky>0</wp:is_sticky>
		<wp:attachment_url>https://onlinevirtualassistantsa.files.wordpress.com/2020/09/wp-1599839166607.jpg</wp:attachment_url>
		<wp:postmeta>
			<wp:meta_key>_wp_attached_file</wp:meta_key>
			<wp:meta_value><![CDATA[/home/wpcom/public_html/wp-content/blogs.dir/fa4/182727644/files/2020/09/wp-1599839166607.jpg]]></wp:meta_value>
		</wp:postmeta>
		<wp:postmeta>
			<wp:meta_key>_wp_attachment_metadata</wp:meta_key>
			<wp:meta_value><![CDATA[a:6:{s:5:"width";i:1280;s:6:"height";i:1280;s:4:"file";s:93:"/home/wpcom/public_html/wp-content/blogs.dir/fa4/182727644/files/2020/09/wp-1599839166607.jpg";s:5:"sizes";a:0:{}s:10:"image_meta";a:12:{s:8:"aperture";s:1:"0";s:6:"credit";s:0:"";s:6:"camera";s:0:"";s:7:"caption";s:0:"";s:17:"created_timestamp";s:1:"0";s:9:"copyright";s:0:"";s:12:"focal_length";s:1:"0";s:3:"iso";s:1:"0";s:13:"shutter_speed";s:1:"0";s:5:"title";s:0:"";s:11:"orientation";s:1:"0";s:8:"keywords";a:0:{}}s:8:"filesize";i:33889;}]]></wp:meta_value>
		</wp:postmeta>
	</item>
	<item>
		<title>IMG-20200911-WA0002</title>
		<link>https://onlinevirtualassistantsa.wordpress.com/img-20200911-wa0002/</link>
		<pubDate>Fri, 11 Sep 2020 15:49:09 +0000</pubDate>
		<dc:creator>luyandavirtual</dc:creator>
		<guid isPermaLink="false">http://onlinevirtualassistantsa.files.wordpress.com/2020/09/img-20200911-wa0002.jpg</guid>
		<description></description>
		<content:encoded><![CDATA[]]></content:encoded>
		<excerpt:encoded><![CDATA[]]></excerpt:encoded>
		<wp:post_id>23</wp:post_id>
		<wp:post_date>2020-09-11 15:49:09</wp:post_date>
		<wp:post_date_gmt>2020-09-11 15:49:09</wp:post_date_gmt>
		<wp:comment_status>closed</wp:comment_status>
		<wp:ping_status>closed</wp:ping_status>
		<wp:post_name>img-20200911-wa0002</wp:post_name>
		<wp:status>inherit</wp:status>
		<wp:post_parent>0</wp:post_parent>
		<wp:menu_order>0</wp:menu_order>
		<wp:post_type>attachment</wp:post_type>
		<wp:post_password></wp:post_password>
		<wp:is_sticky>0</wp:is_sticky>
		<wp:attachment_url>https://onlinevirtualassistantsa.files.wordpress.com/2020/09/img-20200911-wa0002.jpg</wp:attachment_url>
		<wp:postmeta>
			<wp:meta_key>_wp_attached_file</wp:meta_key>
			<wp:meta_value><![CDATA[/home/wpcom/public_html/wp-content/blogs.dir/fa4/182727644/files/2020/09/img-20200911-wa0002.jpg]]></wp:meta_value>
		</wp:postmeta>
		<wp:postmeta>
			<wp:meta_key>_wp_attachment_metadata</wp:meta_key>
			<wp:meta_value><![CDATA[a:6:{s:5:"width";i:1280;s:6:"height";i:1280;s:4:"file";s:96:"/home/wpcom/public_html/wp-content/blogs.dir/fa4/182727644/files/2020/09/img-20200911-wa0002.jpg";s:5:"sizes";a:0:{}s:10:"image_meta";a:12:{s:8:"aperture";s:1:"0";s:6:"credit";s:0:"";s:6:"camera";s:0:"";s:7:"caption";s:0:"";s:17:"created_timestamp";s:1:"0";s:9:"copyright";s:0:"";s:12:"focal_length";s:1:"0";s:3:"iso";s:1:"0";s:13:"shutter_speed";s:1:"0";s:5:"title";s:0:"";s:11:"orientation";s:1:"0";s:8:"keywords";a:0:{}}s:8:"filesize";i:33889;}]]></wp:meta_value>
		</wp:postmeta>
	</item>
	<item>
		<title>IMG-20200911-WA0010</title>
		<link>https://onlinevirtualassistantsa.wordpress.com/img-20200911-wa0010/</link>
		<pubDate>Fri, 11 Sep 2020 15:53:19 +0000</pubDate>
		<dc:creator>luyandavirtual</dc:creator>
		<guid isPermaLink="false">http://onlinevirtualassistantsa.files.wordpress.com/2020/09/img-20200911-wa0010.jpg</guid>
		<description></description>
		<content:encoded><![CDATA[]]></content:encoded>
		<excerpt:encoded><![CDATA[]]></excerpt:encoded>
		<wp:post_id>28</wp:post_id>
		<wp:post_date>2020-09-11 15:53:19</wp:post_date>
		<wp:post_date_gmt>2020-09-11 15:53:19</wp:post_date_gmt>
		<wp:comment_status>closed</wp:comment_status>
		<wp:ping_status>closed</wp:ping_status>
		<wp:post_name>img-20200911-wa0010</wp:post_name>
		<wp:status>inherit</wp:status>
		<wp:post_parent>0</wp:post_parent>
		<wp:menu_order>0</wp:menu_order>
		<wp:post_type>attachment</wp:post_type>
		<wp:post_password></wp:post_password>
		<wp:is_sticky>0</wp:is_sticky>
		<wp:attachment_url>https://onlinevirtualassistantsa.files.wordpress.com/2020/09/img-20200911-wa0010.jpg</wp:attachment_url>
		<wp:postmeta>
			<wp:meta_key>_wp_attached_file</wp:meta_key>
			<wp:meta_value><![CDATA[/home/wpcom/public_html/wp-content/blogs.dir/fa4/182727644/files/2020/09/img-20200911-wa0010.jpg]]></wp:meta_value>
		</wp:postmeta>
		<wp:postmeta>
			<wp:meta_key>_wp_attachment_metadata</wp:meta_key>
			<wp:meta_value><![CDATA[a:6:{s:5:"width";i:1280;s:6:"height";i:853;s:4:"file";s:96:"/home/wpcom/public_html/wp-content/blogs.dir/fa4/182727644/files/2020/09/img-20200911-wa0010.jpg";s:5:"sizes";a:0:{}s:10:"image_meta";a:12:{s:8:"aperture";s:1:"0";s:6:"credit";s:0:"";s:6:"camera";s:0:"";s:7:"caption";s:0:"";s:17:"created_timestamp";s:1:"0";s:9:"copyright";s:0:"";s:12:"focal_length";s:1:"0";s:3:"iso";s:1:"0";s:13:"shutter_speed";s:1:"0";s:5:"title";s:0:"";s:11:"orientation";s:1:"0";s:8:"keywords";a:0:{}}s:8:"filesize";i:47720;}]]></wp:meta_value>
		</wp:postmeta>
	</item>
	<item>
		<title>IMG_20200911_184011</title>
		<link>https://onlinevirtualassistantsa.wordpress.com/img_20200911_184011/</link>
		<pubDate>Fri, 11 Sep 2020 16:40:50 +0000</pubDate>
		<dc:creator>luyandavirtual</dc:creator>
		<guid isPermaLink="false">http://onlinevirtualassistantsa.files.wordpress.com/2020/09/img_20200911_184011.jpg</guid>
		<description></description>
		<content:encoded><![CDATA[]]></content:encoded>
		<excerpt:encoded><![CDATA[]]></excerpt:encoded>
		<wp:post_id>31</wp:post_id>
		<wp:post_date>2020-09-11 16:40:50</wp:post_date>
		<wp:post_date_gmt>2020-09-11 16:40:50</wp:post_date_gmt>
		<wp:comment_status>closed</wp:comment_status>
		<wp:ping_status>closed</wp:ping_status>
		<wp:post_name>img_20200911_184011</wp:post_name>
		<wp:status>inherit</wp:status>
		<wp:post_parent>0</wp:post_parent>
		<wp:menu_order>0</wp:menu_order>
		<wp:post_type>attachment</wp:post_type>
		<wp:post_password></wp:post_password>
		<wp:is_sticky>0</wp:is_sticky>
		<wp:attachment_url>https://onlinevirtualassistantsa.files.wordpress.com/2020/09/img_20200911_184011.jpg</wp:attachment_url>
		<wp:postmeta>
			<wp:meta_key>_wp_attached_file</wp:meta_key>
			<wp:meta_value><![CDATA[/home/wpcom/public_html/wp-content/blogs.dir/fa4/182727644/files/2020/09/img_20200911_184011.jpg]]></wp:meta_value>
		</wp:postmeta>
		<wp:postmeta>
			<wp:meta_key>_wp_attachment_metadata</wp:meta_key>
			<wp:meta_value><![CDATA[a:6:{s:5:"width";i:960;s:6:"height";i:456;s:4:"file";s:96:"/home/wpcom/public_html/wp-content/blogs.dir/fa4/182727644/files/2020/09/img_20200911_184011.jpg";s:5:"sizes";a:0:{}s:10:"image_meta";a:12:{s:8:"aperture";s:1:"0";s:6:"credit";s:0:"";s:6:"camera";s:0:"";s:7:"caption";s:0:"";s:17:"created_timestamp";s:1:"0";s:9:"copyright";s:0:"";s:12:"focal_length";s:1:"0";s:3:"iso";s:1:"0";s:13:"shutter_speed";s:1:"0";s:5:"title";s:0:"";s:11:"orientation";s:1:"1";s:8:"keywords";a:0:{}}s:8:"filesize";i:127389;}]]></wp:meta_value>
		</wp:postmeta>
	</item>
	<item>
		<title>cropped-img_20200911_184011.jpg</title>
		<link>https://onlinevirtualassistantsa.wordpress.com/cropped-img_20200911_184011-jpg/</link>
		<pubDate>Fri, 11 Sep 2020 16:41:02 +0000</pubDate>
		<dc:creator>luyandavirtual</dc:creator>
		<guid isPermaLink="false">https://onlinevirtualassistantsa.files.wordpress.com/2020/09/cropped-img_20200911_184011.jpg</guid>
		<description></description>
		<content:encoded><![CDATA[]]></content:encoded>
		<excerpt:encoded><![CDATA[]]></excerpt:encoded>
		<wp:post_id>32</wp:post_id>
		<wp:post_date>2020-09-11 16:41:02</wp:post_date>
		<wp:post_date_gmt>2020-09-11 16:41:02</wp:post_date_gmt>
		<wp:comment_status>closed</wp:comment_status>
		<wp:ping_status>closed</wp:ping_status>
		<wp:post_name>cropped-img_20200911_184011-jpg</wp:post_name>
		<wp:status>inherit</wp:status>
		<wp:post_parent>0</wp:post_parent>
		<wp:menu_order>0</wp:menu_order>
		<wp:post_type>attachment</wp:post_type>
		<wp:post_password></wp:post_password>
		<wp:is_sticky>0</wp:is_sticky>
		<wp:attachment_url>https://onlinevirtualassistantsa.files.wordpress.com/2020/09/cropped-img_20200911_184011.jpg</wp:attachment_url>
		<wp:postmeta>
			<wp:meta_key>_wp_attached_file</wp:meta_key>
			<wp:meta_value><![CDATA[/home/wpcom/public_html/wp-content/blogs.dir/fa4/182727644/files/2020/09/cropped-img_20200911_184011.jpg]]></wp:meta_value>
		</wp:postmeta>
		<wp:postmeta>
			<wp:meta_key>_wp_attachment_context</wp:meta_key>
			<wp:meta_value><![CDATA[custom-header]]></wp:meta_value>
		</wp:postmeta>
		<wp:postmeta>
			<wp:meta_key>_wp_attachment_metadata</wp:meta_key>
			<wp:meta_value><![CDATA[a:7:{s:5:"width";i:2000;s:6:"height";i:1200;s:4:"file";s:104:"/home/wpcom/public_html/wp-content/blogs.dir/fa4/182727644/files/2020/09/cropped-img_20200911_184011.jpg";s:5:"sizes";a:0:{}s:10:"image_meta";a:12:{s:8:"aperture";s:1:"0";s:6:"credit";s:0:"";s:6:"camera";s:0:"";s:7:"caption";s:0:"";s:17:"created_timestamp";s:1:"0";s:9:"copyright";s:0:"";s:12:"focal_length";s:1:"0";s:3:"iso";s:1:"0";s:13:"shutter_speed";s:1:"0";s:5:"title";s:0:"";s:11:"orientation";s:1:"0";s:8:"keywords";a:0:{}}s:8:"filesize";i:207214;s:17:"attachment_parent";i:31;}]]></wp:meta_value>
		</wp:postmeta>
		<wp:postmeta>
			<wp:meta_key>_wp_attachment_custom_header_last_used_pub/lodestar</wp:meta_key>
			<wp:meta_value><![CDATA[1599842474]]></wp:meta_value>
		</wp:postmeta>
		<wp:postmeta>
			<wp:meta_key>_wp_attachment_is_custom_header</wp:meta_key>
			<wp:meta_value><![CDATA[pub/lodestar]]></wp:meta_value>
		</wp:postmeta>
	</item>
	<item>
		<title>IMG_20200911_184517</title>
		<link>https://onlinevirtualassistantsa.wordpress.com/img_20200911_184517/</link>
		<pubDate>Fri, 11 Sep 2020 16:45:40 +0000</pubDate>
		<dc:creator>luyandavirtual</dc:creator>
		<guid isPermaLink="false">http://onlinevirtualassistantsa.files.wordpress.com/2020/09/img_20200911_184517.jpg</guid>
		<description></description>
		<content:encoded><![CDATA[]]></content:encoded>
		<excerpt:encoded><![CDATA[]]></excerpt:encoded>
		<wp:post_id>35</wp:post_id>
		<wp:post_date>2020-09-11 16:45:40</wp:post_date>
		<wp:post_date_gmt>2020-09-11 16:45:40</wp:post_date_gmt>
		<wp:comment_status>closed</wp:comment_status>
		<wp:ping_status>closed</wp:ping_status>
		<wp:post_name>img_20200911_184517</wp:post_name>
		<wp:status>inherit</wp:status>
		<wp:post_parent>0</wp:post_parent>
		<wp:menu_order>0</wp:menu_order>
		<wp:post_type>attachment</wp:post_type>
		<wp:post_password></wp:post_password>
		<wp:is_sticky>0</wp:is_sticky>
		<wp:attachment_url>https://onlinevirtualassistantsa.files.wordpress.com/2020/09/img_20200911_184517.jpg</wp:attachment_url>
		<wp:postmeta>
			<wp:meta_key>_wp_attached_file</wp:meta_key>
			<wp:meta_value><![CDATA[/home/wpcom/public_html/wp-content/blogs.dir/fa4/182727644/files/2020/09/img_20200911_184517.jpg]]></wp:meta_value>
		</wp:postmeta>
		<wp:postmeta>
			<wp:meta_key>_wp_attachment_metadata</wp:meta_key>
			<wp:meta_value><![CDATA[a:6:{s:5:"width";i:708;s:6:"height";i:336;s:4:"file";s:96:"/home/wpcom/public_html/wp-content/blogs.dir/fa4/182727644/files/2020/09/img_20200911_184517.jpg";s:5:"sizes";a:0:{}s:10:"image_meta";a:12:{s:8:"aperture";s:1:"0";s:6:"credit";s:0:"";s:6:"camera";s:0:"";s:7:"caption";s:0:"";s:17:"created_timestamp";s:1:"0";s:9:"copyright";s:0:"";s:12:"focal_length";s:1:"0";s:3:"iso";s:1:"0";s:13:"shutter_speed";s:1:"0";s:5:"title";s:0:"";s:11:"orientation";s:1:"1";s:8:"keywords";a:0:{}}s:8:"filesize";i:97493;}]]></wp:meta_value>
		</wp:postmeta>
	</item>
	<item>
		<title>IMG_20200911_184517</title>
		<link>https://onlinevirtualassistantsa.wordpress.com/img_20200911_184517-2/</link>
		<pubDate>Fri, 11 Sep 2020 16:45:52 +0000</pubDate>
		<dc:creator>luyandavirtual</dc:creator>
		<guid isPermaLink="false">http://onlinevirtualassistantsa.files.wordpress.com/2020/09/img_20200911_184517-1.jpg</guid>
		<description></description>
		<content:encoded><![CDATA[]]></content:encoded>
		<excerpt:encoded><![CDATA[]]></excerpt:encoded>
		<wp:post_id>36</wp:post_id>
		<wp:post_date>2020-09-11 16:45:52</wp:post_date>
		<wp:post_date_gmt>2020-09-11 16:45:52</wp:post_date_gmt>
		<wp:comment_status>closed</wp:comment_status>
		<wp:ping_status>closed</wp:ping_status>
		<wp:post_name>img_20200911_184517-2</wp:post_name>
		<wp:status>inherit</wp:status>
		<wp:post_parent>0</wp:post_parent>
		<wp:menu_order>0</wp:menu_order>
		<wp:post_type>attachment</wp:post_type>
		<wp:post_password></wp:post_password>
		<wp:is_sticky>0</wp:is_sticky>
		<wp:attachment_url>https://onlinevirtualassistantsa.files.wordpress.com/2020/09/img_20200911_184517-1.jpg</wp:attachment_url>
		<wp:postmeta>
			<wp:meta_key>_wp_attached_file</wp:meta_key>
			<wp:meta_value><![CDATA[/home/wpcom/public_html/wp-content/blogs.dir/fa4/182727644/files/2020/09/img_20200911_184517-1.jpg]]></wp:meta_value>
		</wp:postmeta>
		<wp:postmeta>
			<wp:meta_key>_wp_attachment_metadata</wp:meta_key>
			<wp:meta_value><![CDATA[a:6:{s:5:"width";i:708;s:6:"height";i:336;s:4:"file";s:98:"/home/wpcom/public_html/wp-content/blogs.dir/fa4/182727644/files/2020/09/img_20200911_184517-1.jpg";s:5:"sizes";a:0:{}s:10:"image_meta";a:12:{s:8:"aperture";s:1:"0";s:6:"credit";s:0:"";s:6:"camera";s:0:"";s:7:"caption";s:0:"";s:17:"created_timestamp";s:1:"0";s:9:"copyright";s:0:"";s:12:"focal_length";s:1:"0";s:3:"iso";s:1:"0";s:13:"shutter_speed";s:1:"0";s:5:"title";s:0:"";s:11:"orientation";s:1:"1";s:8:"keywords";a:0:{}}s:8:"filesize";i:97493;}]]></wp:meta_value>
		</wp:postmeta>
	</item>
	<item>
		<title>IMG_20200911_184517</title>
		<link>https://onlinevirtualassistantsa.wordpress.com/img_20200911_184517-3/</link>
		<pubDate>Fri, 11 Sep 2020 16:46:04 +0000</pubDate>
		<dc:creator>luyandavirtual</dc:creator>
		<guid isPermaLink="false">http://onlinevirtualassistantsa.files.wordpress.com/2020/09/img_20200911_184517-2.jpg</guid>
		<description></description>
		<content:encoded><![CDATA[]]></content:encoded>
		<excerpt:encoded><![CDATA[]]></excerpt:encoded>
		<wp:post_id>37</wp:post_id>
		<wp:post_date>2020-09-11 16:46:04</wp:post_date>
		<wp:post_date_gmt>2020-09-11 16:46:04</wp:post_date_gmt>
		<wp:comment_status>closed</wp:comment_status>
		<wp:ping_status>closed</wp:ping_status>
		<wp:post_name>img_20200911_184517-3</wp:post_name>
		<wp:status>inherit</wp:status>
		<wp:post_parent>0</wp:post_parent>
		<wp:menu_order>0</wp:menu_order>
		<wp:post_type>attachment</wp:post_type>
		<wp:post_password></wp:post_password>
		<wp:is_sticky>0</wp:is_sticky>
		<wp:attachment_url>https://onlinevirtualassistantsa.files.wordpress.com/2020/09/img_20200911_184517-2.jpg</wp:attachment_url>
		<wp:postmeta>
			<wp:meta_key>_wp_attached_file</wp:meta_key>
			<wp:meta_value><![CDATA[/home/wpcom/public_html/wp-content/blogs.dir/fa4/182727644/files/2020/09/img_20200911_184517-2.jpg]]></wp:meta_value>
		</wp:postmeta>
		<wp:postmeta>
			<wp:meta_key>_wp_attachment_metadata</wp:meta_key>
			<wp:meta_value><![CDATA[a:6:{s:5:"width";i:708;s:6:"height";i:336;s:4:"file";s:98:"/home/wpcom/public_html/wp-content/blogs.dir/fa4/182727644/files/2020/09/img_20200911_184517-2.jpg";s:5:"sizes";a:0:{}s:10:"image_meta";a:12:{s:8:"aperture";s:1:"0";s:6:"credit";s:0:"";s:6:"camera";s:0:"";s:7:"caption";s:0:"";s:17:"created_timestamp";s:1:"0";s:9:"copyright";s:0:"";s:12:"focal_length";s:1:"0";s:3:"iso";s:1:"0";s:13:"shutter_speed";s:1:"0";s:5:"title";s:0:"";s:11:"orientation";s:1:"1";s:8:"keywords";a:0:{}}s:8:"filesize";i:97493;}]]></wp:meta_value>
		</wp:postmeta>
	</item>
	<item>
		<title>Home</title>
		<link>https://onlinevirtualassistantsa.wordpress.com/</link>
		<pubDate>Fri, 11 Sep 2020 17:00:28 +0000</pubDate>
		<dc:creator>luyandavirtual</dc:creator>
		<guid isPermaLink="false">https://onlinevirtualassistantsa.wordpress.com/?page_id=42</guid>
		<description></description>
		<content:encoded><![CDATA[<!-- wp:cover {"url":"https:\/\/onlinevirtualassistantsa.files.wordpress.com\/2020\/09\/img_20200911_184011.jpg","id":31,"dimRatio":0,"align":"full"} -->
<div class="wp-block-cover alignfull" style="background-image:url('https://onlinevirtualassistantsa.files.wordpress.com/2020/09/img_20200911_184011.jpg');"><div class="wp-block-cover__inner-container"><!-- wp:paragraph {"align":"center","placeholder":"Write titleu2026","fontSize":"large"} -->
<p class="has-text-align-center has-large-font-size"></p>
<!-- /wp:paragraph --></div></div>
<!-- /wp:cover -->

<!-- wp:spacer {"height":64,"className":"desktop-only"} -->
<div style="height:64px;" aria-hidden="true" class="wp-block-spacer desktop-only"></div>
<!-- /wp:spacer -->

<!-- wp:jetpack/slideshow {"ids":[170,171,173],"sizeSlug":"large"} -->
<div class="wp-block-jetpack-slideshow aligncenter" data-effect="slide"><div class="wp-block-jetpack-slideshow_container swiper-container"><ul class="wp-block-jetpack-slideshow_swiper-wrapper swiper-wrapper"><li class="wp-block-jetpack-slideshow_slide swiper-slide"><figure><img alt="" class="wp-block-jetpack-slideshow_image wp-image-170" data-id="170" src="https://onlinevirtualassistantsa.files.wordpress.com/2020/09/img-20200911-wa0002-3.jpg?w=1024" /></figure></li><li class="wp-block-jetpack-slideshow_slide swiper-slide"><figure><img alt="" class="wp-block-jetpack-slideshow_image wp-image-171" data-id="171" src="https://onlinevirtualassistantsa.files.wordpress.com/2020/09/img-20200912-wa0002-1.jpg?w=682" /></figure></li><li class="wp-block-jetpack-slideshow_slide swiper-slide"><figure><img alt="" class="wp-block-jetpack-slideshow_image wp-image-173" data-id="173" src="https://onlinevirtualassistantsa.files.wordpress.com/2020/09/img-20200911-wa0010-2.jpg?w=1024" /></figure></li></ul><a class="wp-block-jetpack-slideshow_button-prev swiper-button-prev swiper-button-white" role="button"></a><a class="wp-block-jetpack-slideshow_button-next swiper-button-next swiper-button-white" role="button"></a><a aria-label="Pause Slideshow" class="wp-block-jetpack-slideshow_button-pause" role="button"></a><div class="wp-block-jetpack-slideshow_pagination swiper-pagination swiper-pagination-white"></div></div></div>
<!-- /wp:jetpack/slideshow -->

<!-- wp:heading -->
<h2><span style="text-decoration:underline;">About Us</span></h2>
<!-- /wp:heading -->

<!-- wp:heading {"level":5} -->
<h5>Virtual Assistants SA is a network of highly skilled virtual professionals serving clients across the nation. We specialize in offering virtual admin support services to solo entrepreneurs and businesses. We offer a wide variety of admin services at affordable rates.</h5>
<!-- /wp:heading -->

<!-- wp:paragraph -->
<p></p>
<!-- /wp:paragraph -->

<!-- wp:heading -->
<h2>Mission&nbsp;</h2>
<!-- /wp:heading -->

<!-- wp:heading {"level":5} -->
<h5>Our mission is to help businesses and solo entrepreneurs cut down on operating expenses and save time.&nbsp;</h5>
<!-- /wp:heading -->

<!-- wp:paragraph -->
<p><br></p>
<!-- /wp:paragraph -->]]></content:encoded>
		<excerpt:encoded><![CDATA[]]></excerpt:encoded>
		<wp:post_id>42</wp:post_id>
		<wp:post_date>2020-09-11 17:00:28</wp:post_date>
		<wp:post_date_gmt>2020-09-11 17:00:28</wp:post_date_gmt>
		<wp:comment_status>closed</wp:comment_status>
		<wp:ping_status>closed</wp:ping_status>
		<wp:post_name>home-2</wp:post_name>
		<wp:status>publish</wp:status>
		<wp:post_parent>0</wp:post_parent>
		<wp:menu_order>0</wp:menu_order>
		<wp:post_type>page</wp:post_type>
		<wp:post_password></wp:post_password>
		<wp:is_sticky>0</wp:is_sticky>
		<wp:postmeta>
			<wp:meta_key>_tft_homepage_template</wp:meta_key>
			<wp:meta_value><![CDATA[pub/brompton]]></wp:meta_value>
		</wp:postmeta>
		<wp:postmeta>
			<wp:meta_key>_publicize_pending</wp:meta_key>
			<wp:meta_value><![CDATA[1]]></wp:meta_value>
		</wp:postmeta>
	</item>
	<item>
		<title>Virtual admin support.</title>
		<link>https://onlinevirtualassistantsa.wordpress.com/2020/09/11/virtual-admin-support/</link>
		<pubDate>Fri, 11 Sep 2020 19:16:59 +0000</pubDate>
		<dc:creator>luyandavirtual</dc:creator>
		<guid isPermaLink="false">https://onlinevirtualassistantsa.wordpress.com/2020/09/11/virtual-admin-support/</guid>
		<description></description>
		<content:encoded><![CDATA[<!-- wp:paragraph -->
<p>-Available 24/7<br />-Affordable rates<br />-Exceptional service</p>
<!-- /wp:paragraph -->

<!-- wp:more -->
<!--more-->
<!-- /wp:more -->

<!-- wp:separator -->
<hr class="wp-block-separator" />
<!-- /wp:separator -->

<!-- wp:image {"id":64,"sizeSlug":"large"} -->
<figure class="wp-block-image size-large"><img src="https://onlinevirtualassistantsa.files.wordpress.com/2020/09/img-20200911-wa0002-1.jpg?w=1024" alt="" class="wp-image-64" /></figure>
<!-- /wp:image -->]]></content:encoded>
		<excerpt:encoded><![CDATA[]]></excerpt:encoded>
		<wp:post_id>63</wp:post_id>
		<wp:post_date>2020-09-11 19:16:59</wp:post_date>
		<wp:post_date_gmt>2020-09-11 19:16:59</wp:post_date_gmt>
		<wp:comment_status>closed</wp:comment_status>
		<wp:ping_status>open</wp:ping_status>
		<wp:post_name>virtual-admin-support</wp:post_name>
		<wp:status>publish</wp:status>
		<wp:post_parent>0</wp:post_parent>
		<wp:menu_order>0</wp:menu_order>
		<wp:post_type>post</wp:post_type>
		<wp:post_password></wp:post_password>
		<wp:is_sticky>0</wp:is_sticky>
		<category domain="category" nicename="uncategorized"><![CDATA[Uncategorized]]></category>
		<wp:postmeta>
			<wp:meta_key>timeline_notification</wp:meta_key>
			<wp:meta_value><![CDATA[1599851831]]></wp:meta_value>
		</wp:postmeta>
		<wp:postmeta>
			<wp:meta_key>_rest_api_published</wp:meta_key>
			<wp:meta_value><![CDATA[1]]></wp:meta_value>
		</wp:postmeta>
		<wp:postmeta>
			<wp:meta_key>_rest_api_client_id</wp:meta_key>
			<wp:meta_value><![CDATA[2697]]></wp:meta_value>
		</wp:postmeta>
		<wp:postmeta>
			<wp:meta_key>_publicize_job_id</wp:meta_key>
			<wp:meta_value><![CDATA[48717155022]]></wp:meta_value>
		</wp:postmeta>
	</item>
	<item>
		<title>IMG-20200911-WA0002.jpg</title>
		<link>https://onlinevirtualassistantsa.wordpress.com/2020/09/11/virtual-admin-support/img-20200911-wa0002-2/</link>
		<pubDate>Fri, 11 Sep 2020 19:19:34 +0000</pubDate>
		<dc:creator>luyandavirtual</dc:creator>
		<guid isPermaLink="false">http://onlinevirtualassistantsa.files.wordpress.com/2020/09/img-20200911-wa0002-1.jpg</guid>
		<description></description>
		<content:encoded><![CDATA[]]></content:encoded>
		<excerpt:encoded><![CDATA[]]></excerpt:encoded>
		<wp:post_id>64</wp:post_id>
		<wp:post_date>2020-09-11 19:19:34</wp:post_date>
		<wp:post_date_gmt>2020-09-11 19:19:34</wp:post_date_gmt>
		<wp:comment_status>closed</wp:comment_status>
		<wp:ping_status>closed</wp:ping_status>
		<wp:post_name>img-20200911-wa0002-2</wp:post_name>
		<wp:status>inherit</wp:status>
		<wp:post_parent>63</wp:post_parent>
		<wp:menu_order>0</wp:menu_order>
		<wp:post_type>attachment</wp:post_type>
		<wp:post_password></wp:post_password>
		<wp:is_sticky>0</wp:is_sticky>
		<wp:attachment_url>https://onlinevirtualassistantsa.files.wordpress.com/2020/09/img-20200911-wa0002-1.jpg</wp:attachment_url>
		<wp:postmeta>
			<wp:meta_key>_wp_attached_file</wp:meta_key>
			<wp:meta_value><![CDATA[/home/wpcom/public_html/wp-content/blogs.dir/fa4/182727644/files/2020/09/img-20200911-wa0002-1.jpg]]></wp:meta_value>
		</wp:postmeta>
		<wp:postmeta>
			<wp:meta_key>_wp_attachment_metadata</wp:meta_key>
			<wp:meta_value><![CDATA[a:6:{s:5:"width";i:1280;s:6:"height";i:1280;s:4:"file";s:98:"/home/wpcom/public_html/wp-content/blogs.dir/fa4/182727644/files/2020/09/img-20200911-wa0002-1.jpg";s:5:"sizes";a:0:{}s:10:"image_meta";a:12:{s:8:"aperture";s:1:"0";s:6:"credit";s:0:"";s:6:"camera";s:0:"";s:7:"caption";s:0:"";s:17:"created_timestamp";s:1:"0";s:9:"copyright";s:0:"";s:12:"focal_length";s:1:"0";s:3:"iso";s:1:"0";s:13:"shutter_speed";s:1:"0";s:5:"title";s:0:"";s:11:"orientation";s:1:"0";s:8:"keywords";a:0:{}}s:8:"filesize";i:33889;}]]></wp:meta_value>
		</wp:postmeta>
	</item>
	<item>
		<title>Our Services</title>
		<link>https://onlinevirtualassistantsa.wordpress.com/?p=66</link>
		<pubDate>Fri, 11 Sep 2020 19:24:19 +0000</pubDate>
		<dc:creator>luyandavirtual</dc:creator>
		<guid isPermaLink="false">https://onlinevirtualassistantsa.wordpress.com/2020/09/11/our-services/</guid>
		<description></description>
		<content:encoded><![CDATA[<!-- wp:separator -->
<hr class="wp-block-separator" />
<!-- /wp:separator -->

<!-- wp:heading {"level":4} -->
<h4>General typing&nbsp;</h4>
<!-- /wp:heading -->

<!-- wp:paragraph -->
<p>We are here to assist you and your business thrive and jump ahead of the competition. We will handle all your paperwork and online research, giving you more time to focus on other important projects.</p>
<!-- /wp:paragraph -->

<!-- wp:paragraph -->
<p>Contact us today and let us know how can we help you.</p>
<!-- /wp:paragraph -->

<!-- wp:heading {"level":4} -->
<h4>Personal assistance</h4>
<!-- /wp:heading -->

<!-- wp:paragraph -->
<p>Do you find yourself not having enough time to focus on the important projects of your business and your family? Our attentive and dedicated virtual assistants can handle some of the tasks for you, helping you create a work-life balance.</p>
<!-- /wp:paragraph -->

<!-- wp:heading {"level":4} -->
<h4>Database management&nbsp;</h4>
<!-- /wp:heading -->

<!-- wp:paragraph -->
<p>Our organized and efficient virtual assistants are ready to update and manage your company database.</p>
<!-- /wp:paragraph -->

<!-- wp:paragraph -->
<p>Confidentiality is ensured.&nbsp;We respect you and the way you do your business. Contact us today.</p>
<!-- /wp:paragraph -->

<!-- wp:heading {"level":4} -->
<h4>Email services&nbsp;</h4>
<!-- /wp:heading -->

<!-- wp:paragraph -->
<p>Do you find yourself getting stuck doing mundane tasks everyday? We are here to make your life easier, we will handle all your business emails from responding to customer service emails to sending emails to clients.</p>
<!-- /wp:paragraph -->

<!-- wp:paragraph -->
<p>Contact us today and let us handle all the mundane tasks.</p>
<!-- /wp:paragraph -->

<!-- wp:paragraph -->
<p></p>
<!-- /wp:paragraph -->]]></content:encoded>
		<excerpt:encoded><![CDATA[]]></excerpt:encoded>
		<wp:post_id>66</wp:post_id>
		<wp:post_date>2020-09-11 19:24:19</wp:post_date>
		<wp:post_date_gmt>2020-09-11 19:24:19</wp:post_date_gmt>
		<wp:comment_status>closed</wp:comment_status>
		<wp:ping_status>open</wp:ping_status>
		<wp:post_name>our-services</wp:post_name>
		<wp:status>private</wp:status>
		<wp:post_parent>0</wp:post_parent>
		<wp:menu_order>0</wp:menu_order>
		<wp:post_type>post</wp:post_type>
		<wp:post_password></wp:post_password>
		<wp:is_sticky>0</wp:is_sticky>
		<category domain="category" nicename="uncategorized"><![CDATA[Uncategorized]]></category>
		<wp:postmeta>
			<wp:meta_key>timeline_notification</wp:meta_key>
			<wp:meta_value><![CDATA[1599852266]]></wp:meta_value>
		</wp:postmeta>
		<wp:postmeta>
			<wp:meta_key>_rest_api_published</wp:meta_key>
			<wp:meta_value><![CDATA[1]]></wp:meta_value>
		</wp:postmeta>
		<wp:postmeta>
			<wp:meta_key>_rest_api_client_id</wp:meta_key>
			<wp:meta_value><![CDATA[2697]]></wp:meta_value>
		</wp:postmeta>
		<wp:postmeta>
			<wp:meta_key>_publicize_job_id</wp:meta_key>
			<wp:meta_value><![CDATA[48717330187]]></wp:meta_value>
		</wp:postmeta>
		<wp:postmeta>
			<wp:meta_key>_oembed_f0468b8cc35b450ea1f5637383e4103c</wp:meta_key>
			<wp:meta_value><![CDATA[{{unknown}}]]></wp:meta_value>
		</wp:postmeta>
		<wp:postmeta>
			<wp:meta_key>_oembed_98ee8a2affc6800213af88ae24164e2b</wp:meta_key>
			<wp:meta_value><![CDATA[{{unknown}}]]></wp:meta_value>
		</wp:postmeta>
	</item>
	<item>
		<title>Our Services</title>
		<link>https://onlinevirtualassistantsa.wordpress.com/our-products__trashed/</link>
		<pubDate>Fri, 11 Sep 2020 19:30:33 +0000</pubDate>
		<dc:creator>luyandavirtual</dc:creator>
		<guid isPermaLink="false">https://onlinevirtualassistantsa.wordpress.com/?page_id=71</guid>
		<description></description>
		<content:encoded><![CDATA[<!-- wp:paragraph -->
<p><strong>Connect with us </strong>:</p>
<!-- /wp:paragraph -->

<!-- wp:paragraph -->
<p>https://www.facebook.com/virtualassistantsrsa/</p>
<!-- /wp:paragraph -->

<!-- wp:paragraph -->
<p>https://www.instagram.com/virtualassistants_sa/?hl=en</p>
<!-- /wp:paragraph -->

<!-- wp:heading {"level":5} -->
<h5>Our services are available at affordable hourly rates. We also offer packages for &nbsp;businesses depending on your unique needs.&nbsp;</h5>
<!-- /wp:heading -->

<!-- wp:coblocks/pricing-table -->
<div class="wp-block-coblocks-pricing-table has-text-align-center"><div class="wp-block-coblocks-pricing-table__inner has-columns has-2-columns has-responsive-columns has-medium-gutter"><!-- wp:coblocks/pricing-table-item {"backgroundColor":"foreground","placeholder":"Plan 1"} -->
<div class="wp-block-coblocks-pricing-table-item has-background has-foreground-background-color"><span class="wp-block-coblocks-pricing-table-item__title">Personal Assistant </span><ul class="wp-block-coblocks-pricing-table-item__features"><li>°Diary /Calender Management </li><li>°Scheduling Appoinym</li></ul><!-- wp:button {"placeholder":"Buy Now","className":"is-style-fill"} -->
<div class="wp-block-button is-style-fill"><a class="wp-block-button__link" href="https://onlinevirtualassistantsa.wordpress.com/contact/" target="_blank" rel="noreferrer noopener"></a></div>
<!-- /wp:button --></div>
<!-- /wp:coblocks/pricing-table-item -->

<!-- wp:coblocks/pricing-table-item {"backgroundColor":"background","textColor":"secondary","placeholder":"Plan 2"} -->
<div class="wp-block-coblocks-pricing-table-item has-background has-background-background-color has-text-color has-secondary-color"><span class="wp-block-coblocks-pricing-table-item__title">Database Management</span><div class="wp-block-coblocks-pricing-table-item__price-wrapper"><span class="wp-block-coblocks-pricing-table-item__currency">R</span><span class="wp-block-coblocks-pricing-table-item__amount">100 p/hour</span></div><ul class="wp-block-coblocks-pricing-table-item__features"><li>Data capturing </li><li>Data processing </li><li>Electronic filing </li></ul><!-- wp:button {"placeholder":"Buy Now","className":"is-style-outline"} -->
<div class="wp-block-button is-style-outline"><a class="wp-block-button__link" href="https://onlinevirtualassistantsa.wordpress.com/contact/">Buy Now</a></div>
<!-- /wp:button --></div>
<!-- /wp:coblocks/pricing-table-item --></div></div>
<!-- /wp:coblocks/pricing-table -->

<!-- wp:coblocks/pricing-table -->
<div class="wp-block-coblocks-pricing-table has-text-align-center"><div class="wp-block-coblocks-pricing-table__inner has-columns has-2-columns has-responsive-columns has-medium-gutter"><!-- wp:coblocks/pricing-table-item {"backgroundColor":"background","textColor":"primary","placeholder":"Plan 1"} -->
<div class="wp-block-coblocks-pricing-table-item has-background has-background-background-color has-text-color has-primary-color"><span class="wp-block-coblocks-pricing-table-item__title">General Typing</span><div class="wp-block-coblocks-pricing-table-item__price-wrapper"><span class="wp-block-coblocks-pricing-table-item__currency">R</span><span class="wp-block-coblocks-pricing-table-item__amount">70 p/hour</span></div><ul class="wp-block-coblocks-pricing-table-item__features"><li>Training manuals and reports </li><li>Spreadsheets</li><li>presentations</li><li>meeting minutes</li><li>online research </li></ul><!-- wp:button {"placeholder":"Buy Now","className":"is-style-fill"} -->
<div class="wp-block-button is-style-fill"><a class="wp-block-button__link" href="https://onlinevirtualassistantsa.wordpress.com/contact/">Buy Now</a></div>
<!-- /wp:button --></div>
<!-- /wp:coblocks/pricing-table-item -->

<!-- wp:coblocks/pricing-table-item {"placeholder":"Plan 2"} -->
<div class="wp-block-coblocks-pricing-table-item"><span class="wp-block-coblocks-pricing-table-item__title">Email Services</span><div class="wp-block-coblocks-pricing-table-item__price-wrapper"><span class="wp-block-coblocks-pricing-table-item__currency">R</span><span class="wp-block-coblocks-pricing-table-item__amount">199 p/day</span></div><ul class="wp-block-coblocks-pricing-table-item__features"><li>Responding to customer service emails</li><li>Sending emails to clients</li><li>Handling job application emails </li></ul><!-- wp:button {"placeholder":"Buy Now"} -->
<div class="wp-block-button"><a class="wp-block-button__link" href="https://onlinevirtualassistantsa.wordpress.com/contact/">Buy Now</a></div>
<!-- /wp:button --></div>
<!-- /wp:coblocks/pricing-table-item --></div></div>
<!-- /wp:coblocks/pricing-table -->

<!-- wp:jetpack/contact-form {"subject":"A new appointment booked from your website"} -->
<!-- wp:jetpack/field-name {"required":true} /-->

<!-- wp:jetpack/field-email {"required":true} /-->

<!-- wp:jetpack/field-telephone {"required":true} /-->

<!-- wp:jetpack/field-date {"label":"Date","required":true} /-->

<!-- wp:jetpack/field-radio {"label":"Time","required":true,"options":["Morning","Afternoon"]} /-->

<!-- wp:jetpack/field-textarea {"label":"Notes"} /-->

<!-- wp:jetpack/button {"element":"button","text":"Book Appointment","className":"is-style-outline"} /-->
<!-- /wp:jetpack/contact-form -->]]></content:encoded>
		<excerpt:encoded><![CDATA[]]></excerpt:encoded>
		<wp:post_id>71</wp:post_id>
		<wp:post_date>2020-09-11 19:30:33</wp:post_date>
		<wp:post_date_gmt>2020-09-11 19:30:33</wp:post_date_gmt>
		<wp:comment_status>closed</wp:comment_status>
		<wp:ping_status>closed</wp:ping_status>
		<wp:post_name>our-products__trashed</wp:post_name>
		<wp:status>trash</wp:status>
		<wp:post_parent>0</wp:post_parent>
		<wp:menu_order>0</wp:menu_order>
		<wp:post_type>page</wp:post_type>
		<wp:post_password></wp:post_password>
		<wp:is_sticky>0</wp:is_sticky>
		<wp:postmeta>
			<wp:meta_key>_customize_changeset_uuid</wp:meta_key>
			<wp:meta_value><![CDATA[9fb83261-ace5-4c77-89a9-92b7c2ca91c4]]></wp:meta_value>
		</wp:postmeta>
		<wp:postmeta>
			<wp:meta_key>_publicize_pending</wp:meta_key>
			<wp:meta_value><![CDATA[1]]></wp:meta_value>
		</wp:postmeta>
		<wp:postmeta>
			<wp:meta_key>_g_feedback_shortcode_e4eb5f1aa1df1d8b4e4de3fae599c97e3d30fbf5</wp:meta_key>
			<wp:meta_value><![CDATA[
[contact-field required="1" type="name" label="Name"/]

[contact-field required="1" type="email" label="Email"/]

[contact-field required="1" type="telephone" label="Phone"/]

[contact-field label="Date" required="1" type="date"/]

[contact-field label="Time" required="1" options="Morning,Afternoon" type="radio"/]

[contact-field label="Notes" type="textarea"/]

<div class="wp-block-jetpack-button"><button class="wp-block-button__link" style="" data-id-attr="placeholder" type="submit">Book Appointment</button></div>
]]></wp:meta_value>
		</wp:postmeta>
		<wp:postmeta>
			<wp:meta_key>_g_feedback_shortcode_atts_e4eb5f1aa1df1d8b4e4de3fae599c97e3d30fbf5</wp:meta_key>
			<wp:meta_value><![CDATA[a:10:{s:2:"to";s:26:"bongekilentuli24@gmail.com";s:7:"subject";s:42:"A new appointment booked from your website";s:12:"show_subject";s:2:"no";s:6:"widget";i:0;s:2:"id";i:71;s:18:"submit_button_text";s:6:"Submit";s:14:"customThankyou";s:0:"";s:21:"customThankyouMessage";s:30:"Thank you for your submission!";s:22:"customThankyouRedirect";s:0:"";s:10:"jetpackCRM";b:1;}]]></wp:meta_value>
		</wp:postmeta>
		<wp:postmeta>
			<wp:meta_key>_oembed_9636ef874740546df9ad57c711dbf7c1</wp:meta_key>
			<wp:meta_value><![CDATA[{{unknown}}]]></wp:meta_value>
		</wp:postmeta>
		<wp:postmeta>
			<wp:meta_key>_oembed_baa8cebb716dab76cab8bc86eec8ef6e</wp:meta_key>
			<wp:meta_value><![CDATA[{{unknown}}]]></wp:meta_value>
		</wp:postmeta>
		<wp:postmeta>
			<wp:meta_key>_oembed_f0468b8cc35b450ea1f5637383e4103c</wp:meta_key>
			<wp:meta_value><![CDATA[{{unknown}}]]></wp:meta_value>
		</wp:postmeta>
		<wp:postmeta>
			<wp:meta_key>_oembed_98ee8a2affc6800213af88ae24164e2b</wp:meta_key>
			<wp:meta_value><![CDATA[{{unknown}}]]></wp:meta_value>
		</wp:postmeta>
		<wp:postmeta>
			<wp:meta_key>_g_feedback_shortcode_0bf7125b707c37959e859c1feb14b5d5196fdc92</wp:meta_key>
			<wp:meta_value><![CDATA[
[contact-field required="1" type="name" label="Name"/]

[contact-field required="1" type="email" label="Email"/]

[contact-field required="1" type="telephone" label="Phone"/]

[contact-field label="Date" required="1" type="date"/]

[contact-field label="Time" required="1" options="Morning,Afternoon" type="radio"/]

[contact-field label="Notes" type="textarea"/]

<div class="wp-block-jetpack-button is-style-outline"><button class="wp-block-button__link is-style-outline" style="" data-id-attr="placeholder" type="submit">Book Appointment</button></div>
]]></wp:meta_value>
		</wp:postmeta>
		<wp:postmeta>
			<wp:meta_key>_g_feedback_shortcode_atts_0bf7125b707c37959e859c1feb14b5d5196fdc92</wp:meta_key>
			<wp:meta_value><![CDATA[a:10:{s:2:"to";s:26:"bongekilentuli24@gmail.com";s:7:"subject";s:42:"A new appointment booked from your website";s:12:"show_subject";s:2:"no";s:6:"widget";i:0;s:2:"id";i:71;s:18:"submit_button_text";s:6:"Submit";s:14:"customThankyou";s:0:"";s:21:"customThankyouMessage";s:30:"Thank you for your submission!";s:22:"customThankyouRedirect";s:0:"";s:10:"jetpackCRM";b:1;}]]></wp:meta_value>
		</wp:postmeta>
		<wp:postmeta>
			<wp:meta_key>_wp_desired_post_slug</wp:meta_key>
			<wp:meta_value><![CDATA[our-products]]></wp:meta_value>
		</wp:postmeta>
	</item>
	<item>
		<title>Virtual admin support.</title>
		<link>https://onlinevirtualassistantsa.wordpress.com/our-services/</link>
		<pubDate>Sat, 12 Sep 2020 06:59:45 +0000</pubDate>
		<dc:creator>luyandavirtual</dc:creator>
		<guid isPermaLink="false">https://onlinevirtualassistantsa.wordpress.com/?page_id=94</guid>
		<description></description>
		<content:encoded><![CDATA[<!-- wp:heading {"level":1} -->
<h1></h1>
<!-- /wp:heading -->

<!-- wp:list -->
<ul><li>Available 24/7</li><li>Affordable rates&nbsp;</li><li>Exceptional service&nbsp;</li></ul>
<!-- /wp:list -->

<!-- wp:heading -->
<h2>Why work with us?</h2>
<!-- /wp:heading -->

<!-- wp:list -->
<ul><li>No need to provide office space&nbsp;</li><li>Available 24/7</li><li>Save on employee benefits and tax</li><li>Pay only for what you use</li></ul>
<!-- /wp:list -->

<!-- wp:pullquote -->
<figure class="wp-block-pullquote"><blockquote><p>When you work with us, you will be served by highly experienced virtual assistant who have been rigorously trained.</p><cite>-Luyanda MHLAMBI</cite></blockquote></figure>
<!-- /wp:pullquote -->]]></content:encoded>
		<excerpt:encoded><![CDATA[]]></excerpt:encoded>
		<wp:post_id>94</wp:post_id>
		<wp:post_date>2020-09-12 06:59:45</wp:post_date>
		<wp:post_date_gmt>2020-09-12 06:59:45</wp:post_date_gmt>
		<wp:comment_status>closed</wp:comment_status>
		<wp:ping_status>closed</wp:ping_status>
		<wp:post_name>our-services</wp:post_name>
		<wp:status>publish</wp:status>
		<wp:post_parent>0</wp:post_parent>
		<wp:menu_order>0</wp:menu_order>
		<wp:post_type>page</wp:post_type>
		<wp:post_password></wp:post_password>
		<wp:is_sticky>0</wp:is_sticky>
		<wp:postmeta>
			<wp:meta_key>_publicize_pending</wp:meta_key>
			<wp:meta_value><![CDATA[1]]></wp:meta_value>
		</wp:postmeta>
		<wp:postmeta>
			<wp:meta_key>_customize_changeset_uuid</wp:meta_key>
			<wp:meta_value><![CDATA[1f67bcac-fa85-4bf9-af41-dd533119e18b]]></wp:meta_value>
		</wp:postmeta>
	</item>
	<item>
		<title></title>
		<link>https://onlinevirtualassistantsa.wordpress.com/2020/09/12/97/</link>
		<pubDate>Sat, 12 Sep 2020 06:59:47 +0000</pubDate>
		<dc:creator>luyandavirtual</dc:creator>
		<guid isPermaLink="false">https://onlinevirtualassistantsa.wordpress.com/2020/09/12/97/</guid>
		<description></description>
		<content:encoded><![CDATA[ ]]></content:encoded>
		<excerpt:encoded><![CDATA[]]></excerpt:encoded>
		<wp:post_id>97</wp:post_id>
		<wp:post_date>2020-09-12 06:59:47</wp:post_date>
		<wp:post_date_gmt>2020-09-12 06:59:47</wp:post_date_gmt>
		<wp:comment_status>closed</wp:comment_status>
		<wp:ping_status>closed</wp:ping_status>
		<wp:post_name>97</wp:post_name>
		<wp:status>publish</wp:status>
		<wp:post_parent>0</wp:post_parent>
		<wp:menu_order>3</wp:menu_order>
		<wp:post_type>nav_menu_item</wp:post_type>
		<wp:post_password></wp:post_password>
		<wp:is_sticky>0</wp:is_sticky>
		<category domain="nav_menu" nicename="primary"><![CDATA[Primary]]></category>
		<wp:postmeta>
			<wp:meta_key>_menu_item_classes</wp:meta_key>
			<wp:meta_value><![CDATA[a:1:{i:0;s:0:"";}]]></wp:meta_value>
		</wp:postmeta>
		<wp:postmeta>
			<wp:meta_key>_menu_item_target</wp:meta_key>
			<wp:meta_value><![CDATA[]]></wp:meta_value>
		</wp:postmeta>
		<wp:postmeta>
			<wp:meta_key>_menu_item_object</wp:meta_key>
			<wp:meta_value><![CDATA[page]]></wp:meta_value>
		</wp:postmeta>
		<wp:postmeta>
			<wp:meta_key>_menu_item_object_id</wp:meta_key>
			<wp:meta_value><![CDATA[94]]></wp:meta_value>
		</wp:postmeta>
		<wp:postmeta>
			<wp:meta_key>_menu_item_menu_item_parent</wp:meta_key>
			<wp:meta_value><![CDATA[0]]></wp:meta_value>
		</wp:postmeta>
		<wp:postmeta>
			<wp:meta_key>_menu_item_type</wp:meta_key>
			<wp:meta_value><![CDATA[post_type]]></wp:meta_value>
		</wp:postmeta>
		<wp:postmeta>
			<wp:meta_key>_publicize_pending</wp:meta_key>
			<wp:meta_value><![CDATA[1]]></wp:meta_value>
		</wp:postmeta>
		<wp:postmeta>
			<wp:meta_key>_menu_item_xfn</wp:meta_key>
			<wp:meta_value><![CDATA[]]></wp:meta_value>
		</wp:postmeta>
		<wp:postmeta>
			<wp:meta_key>_menu_item_url</wp:meta_key>
			<wp:meta_value><![CDATA[]]></wp:meta_value>
		</wp:postmeta>
		<wp:postmeta>
			<wp:meta_key>_menu_item_content</wp:meta_key>
			<wp:meta_value><![CDATA[]]></wp:meta_value>
		</wp:postmeta>
	</item>
	<item>
		<title>Raphaella - 2020-09-12 11:56:52</title>
		<link>https://onlinevirtualassistantsa.wordpress.com/?post_type=feedback&#038;p=144</link>
		<pubDate>Sat, 12 Sep 2020 11:56:52 +0000</pubDate>
		<dc:creator></dc:creator>
		<guid isPermaLink="false">https://onlinevirtualassistantsa.wordpress.com/?post_type=feedback&#038;p=144</guid>
		<description></description>
		<content:encoded><![CDATA[I need your services.
<!--more-->
AUTHOR: Raphaella
AUTHOR EMAIL: bongekilentuli24@gmail.com
AUTHOR URL: 
SUBJECT: [Virtual Assistant SA ] Contact
IP: 41.115.82.58
Array
(
    [1_Name] =&gt; Raphaella
    [2_Email] =&gt; bongekilentuli24@gmail.com
    [3_Website] =&gt; 
    [4_Comment] =&gt; I need your services. 
    [email_marketing_consent] =&gt; 
    [entry_title] =&gt; Contact
    [entry_permalink] =&gt; https://onlinevirtualassistantsa.wordpress.com/contact/
    [feedback_id] =&gt; fc0ec444bd3a1d88a5756237e51e16f9
)
]]></content:encoded>
		<excerpt:encoded><![CDATA[]]></excerpt:encoded>
		<wp:post_id>144</wp:post_id>
		<wp:post_date>2020-09-12 11:56:52</wp:post_date>
		<wp:post_date_gmt>2020-09-12 11:56:52</wp:post_date_gmt>
		<wp:comment_status>closed</wp:comment_status>
		<wp:ping_status>closed</wp:ping_status>
		<wp:post_name>fc0ec444bd3a1d88a5756237e51e16f9</wp:post_name>
		<wp:status>publish</wp:status>
		<wp:post_parent>5</wp:post_parent>
		<wp:menu_order>0</wp:menu_order>
		<wp:post_type>feedback</wp:post_type>
		<wp:post_password></wp:post_password>
		<wp:is_sticky>0</wp:is_sticky>
		<wp:postmeta>
			<wp:meta_key>_feedback_extra_fields</wp:meta_key>
			<wp:meta_value><![CDATA[a:0:{}]]></wp:meta_value>
		</wp:postmeta>
		<wp:postmeta>
			<wp:meta_key>_feedback_email</wp:meta_key>
			<wp:meta_value><![CDATA[a:2:{s:2:"to";a:1:{i:0;s:47:""bongekilentuli24" <bongekilentuli24@gmail.com>";}s:7:"message";s:456:"<!doctype html>
<html xmlns="http://www.w3.org/1999/xhtml">
<body>

<b>Name:</b> Raphaella<br /><br /><b>Email:</b> bongekilentuli24@gmail.com<br /><br /><b>Website:</b> <br /><br /><b>Comment:</b> I need your services.<br /><br /><br /><hr />Time: September 12, 2020 at 11:56 am<br />IP Address: 41.115.82.58<br />Contact Form URL: https://onlinevirtualassistantsa.wordpress.com/contact/<br /><p>Sent by a verified WordPress.com user.</p>

</body>
</html>";}]]></wp:meta_value>
		</wp:postmeta>
	</item>
	<item>
		<title>Services</title>
		<link>https://onlinevirtualassistantsa.wordpress.com/services/</link>
		<pubDate>Sat, 12 Sep 2020 15:17:44 +0000</pubDate>
		<dc:creator>luyandavirtual</dc:creator>
		<guid isPermaLink="false">https://onlinevirtualassistantsa.wordpress.com/?page_id=150</guid>
		<description></description>
		<content:encoded><![CDATA[<!-- wp:heading {"level":5} -->
<h5>Personal Assistant</h5>
<!-- /wp:heading -->

<!-- wp:list -->
<ul><li>Diary / Calender Management </li><li>Scheduling Appointments </li><li>Making Reservations </li><li>Bookings of business and personal trips(flights and accommodations). </li></ul>
<!-- /wp:list -->

<!-- wp:heading {"level":5} -->
<h5>Email Sevices</h5>
<!-- /wp:heading -->

<!-- wp:list -->
<ul><li>Respond to customer service emails</li><li>Send emails to clients</li><li>Handle job applications/emails</li></ul>
<!-- /wp:list -->

<!-- wp:heading {"level":5} -->
<h5>Database Management</h5>
<!-- /wp:heading -->

<!-- wp:list -->
<ul><li>Data capturing </li><li>Data processing</li><li>Electronic Filing</li><li>Update and maintain database</li></ul>
<!-- /wp:list -->

<!-- wp:heading {"level":5} -->
<h5>General Typing</h5>
<!-- /wp:heading -->

<!-- wp:list -->
<ul><li>Basic Reports </li><li>Training Manuals</li><li>Meeting Minutes</li><li>Transcribing</li><li>Spreadsheets</li><li>Presentation</li><li>Online Research </li></ul>
<!-- /wp:list -->

<!-- wp:jetpack/contact-form {"subject":"A new appointment booked from your website"} -->
<!-- wp:jetpack/field-name {"required":true} /-->

<!-- wp:jetpack/field-email {"required":true} /-->

<!-- wp:jetpack/field-telephone {"required":true} /-->

<!-- wp:jetpack/field-date {"label":"Date","required":true} /-->

<!-- wp:jetpack/field-radio {"label":"Time","required":true,"options":["Morning","Afternoon"]} /-->

<!-- wp:jetpack/field-textarea {"label":"Notes"} /-->

<!-- wp:jetpack/button {"element":"button","text":"Book Appointment"} /-->
<!-- /wp:jetpack/contact-form -->

<!-- wp:paragraph -->
<p></p>
<!-- /wp:paragraph -->]]></content:encoded>
		<excerpt:encoded><![CDATA[]]></excerpt:encoded>
		<wp:post_id>150</wp:post_id>
		<wp:post_date>2020-09-12 15:17:44</wp:post_date>
		<wp:post_date_gmt>2020-09-12 15:17:44</wp:post_date_gmt>
		<wp:comment_status>closed</wp:comment_status>
		<wp:ping_status>closed</wp:ping_status>
		<wp:post_name>services</wp:post_name>
		<wp:status>publish</wp:status>
		<wp:post_parent>0</wp:post_parent>
		<wp:menu_order>0</wp:menu_order>
		<wp:post_type>page</wp:post_type>
		<wp:post_password></wp:post_password>
		<wp:is_sticky>0</wp:is_sticky>
		<wp:postmeta>
			<wp:meta_key>_publicize_pending</wp:meta_key>
			<wp:meta_value><![CDATA[1]]></wp:meta_value>
		</wp:postmeta>
		<wp:postmeta>
			<wp:meta_key>_customize_changeset_uuid</wp:meta_key>
			<wp:meta_value><![CDATA[c5aacf2d-e296-438d-b118-d78872237ba3]]></wp:meta_value>
		</wp:postmeta>
		<wp:postmeta>
			<wp:meta_key>_g_feedback_shortcode_e4eb5f1aa1df1d8b4e4de3fae599c97e3d30fbf5</wp:meta_key>
			<wp:meta_value><![CDATA[
[contact-field required="1" type="name" label="Name"/]

[contact-field required="1" type="email" label="Email"/]

[contact-field required="1" type="telephone" label="Phone"/]

[contact-field label="Date" required="1" type="date"/]

[contact-field label="Time" required="1" options="Morning,Afternoon" type="radio"/]

[contact-field label="Notes" type="textarea"/]

<div class="wp-block-jetpack-button"><button class="wp-block-button__link" style="" data-id-attr="placeholder" type="submit">Book Appointment</button></div>
]]></wp:meta_value>
		</wp:postmeta>
		<wp:postmeta>
			<wp:meta_key>_g_feedback_shortcode_atts_e4eb5f1aa1df1d8b4e4de3fae599c97e3d30fbf5</wp:meta_key>
			<wp:meta_value><![CDATA[a:10:{s:2:"to";s:26:"bongekilentuli24@gmail.com";s:7:"subject";s:42:"A new appointment booked from your website";s:12:"show_subject";s:2:"no";s:6:"widget";i:0;s:2:"id";i:150;s:18:"submit_button_text";s:6:"Submit";s:14:"customThankyou";s:0:"";s:21:"customThankyouMessage";s:30:"Thank you for your submission!";s:22:"customThankyouRedirect";s:0:"";s:10:"jetpackCRM";b:1;}]]></wp:meta_value>
		</wp:postmeta>
	</item>
	<item>
		<title></title>
		<link>https://onlinevirtualassistantsa.wordpress.com/2020/09/12/153/</link>
		<pubDate>Sat, 12 Sep 2020 15:17:44 +0000</pubDate>
		<dc:creator>luyandavirtual</dc:creator>
		<guid isPermaLink="false">https://onlinevirtualassistantsa.wordpress.com/2020/09/12/153/</guid>
		<description></description>
		<content:encoded><![CDATA[ ]]></content:encoded>
		<excerpt:encoded><![CDATA[]]></excerpt:encoded>
		<wp:post_id>153</wp:post_id>
		<wp:post_date>2020-09-12 15:17:44</wp:post_date>
		<wp:post_date_gmt>2020-09-12 15:17:44</wp:post_date_gmt>
		<wp:comment_status>closed</wp:comment_status>
		<wp:ping_status>closed</wp:ping_status>
		<wp:post_name>153</wp:post_name>
		<wp:status>publish</wp:status>
		<wp:post_parent>0</wp:post_parent>
		<wp:menu_order>2</wp:menu_order>
		<wp:post_type>nav_menu_item</wp:post_type>
		<wp:post_password></wp:post_password>
		<wp:is_sticky>0</wp:is_sticky>
		<category domain="nav_menu" nicename="primary"><![CDATA[Primary]]></category>
		<wp:postmeta>
			<wp:meta_key>_menu_item_target</wp:meta_key>
			<wp:meta_value><![CDATA[]]></wp:meta_value>
		</wp:postmeta>
		<wp:postmeta>
			<wp:meta_key>_menu_item_object</wp:meta_key>
			<wp:meta_value><![CDATA[page]]></wp:meta_value>
		</wp:postmeta>
		<wp:postmeta>
			<wp:meta_key>_menu_item_object_id</wp:meta_key>
			<wp:meta_value><![CDATA[150]]></wp:meta_value>
		</wp:postmeta>
		<wp:postmeta>
			<wp:meta_key>_menu_item_menu_item_parent</wp:meta_key>
			<wp:meta_value><![CDATA[0]]></wp:meta_value>
		</wp:postmeta>
		<wp:postmeta>
			<wp:meta_key>_menu_item_type</wp:meta_key>
			<wp:meta_value><![CDATA[post_type]]></wp:meta_value>
		</wp:postmeta>
		<wp:postmeta>
			<wp:meta_key>_publicize_pending</wp:meta_key>
			<wp:meta_value><![CDATA[1]]></wp:meta_value>
		</wp:postmeta>
		<wp:postmeta>
			<wp:meta_key>_menu_item_classes</wp:meta_key>
			<wp:meta_value><![CDATA[a:1:{i:0;s:0:"";}]]></wp:meta_value>
		</wp:postmeta>
		<wp:postmeta>
			<wp:meta_key>_menu_item_xfn</wp:meta_key>
			<wp:meta_value><![CDATA[]]></wp:meta_value>
		</wp:postmeta>
		<wp:postmeta>
			<wp:meta_key>_menu_item_url</wp:meta_key>
			<wp:meta_value><![CDATA[]]></wp:meta_value>
		</wp:postmeta>
		<wp:postmeta>
			<wp:meta_key>_menu_item_content</wp:meta_key>
			<wp:meta_value><![CDATA[]]></wp:meta_value>
		</wp:postmeta>
	</item>
	<item>
		<title>img-20200912-wa0002</title>
		<link>https://onlinevirtualassistantsa.wordpress.com/img-20200912-wa0002/</link>
		<pubDate>Sat, 12 Sep 2020 15:24:02 +0000</pubDate>
		<dc:creator>luyandavirtual</dc:creator>
		<guid isPermaLink="false">http://onlinevirtualassistantsa.files.wordpress.com/2020/09/img-20200912-wa0002.jpg</guid>
		<description></description>
		<content:encoded><![CDATA[]]></content:encoded>
		<excerpt:encoded><![CDATA[]]></excerpt:encoded>
		<wp:post_id>158</wp:post_id>
		<wp:post_date>2020-09-12 15:24:02</wp:post_date>
		<wp:post_date_gmt>2020-09-12 15:24:02</wp:post_date_gmt>
		<wp:comment_status>closed</wp:comment_status>
		<wp:ping_status>closed</wp:ping_status>
		<wp:post_name>img-20200912-wa0002</wp:post_name>
		<wp:status>inherit</wp:status>
		<wp:post_parent>0</wp:post_parent>
		<wp:menu_order>0</wp:menu_order>
		<wp:post_type>attachment</wp:post_type>
		<wp:post_password></wp:post_password>
		<wp:is_sticky>0</wp:is_sticky>
		<wp:attachment_url>https://onlinevirtualassistantsa.files.wordpress.com/2020/09/img-20200912-wa0002.jpg</wp:attachment_url>
		<wp:postmeta>
			<wp:meta_key>_wp_attached_file</wp:meta_key>
			<wp:meta_value><![CDATA[/home/wpcom/public_html/wp-content/blogs.dir/fa4/182727644/files/2020/09/img-20200912-wa0002.jpg]]></wp:meta_value>
		</wp:postmeta>
		<wp:postmeta>
			<wp:meta_key>_wp_attachment_metadata</wp:meta_key>
			<wp:meta_value><![CDATA[a:6:{s:5:"width";i:853;s:6:"height";i:1280;s:4:"file";s:96:"/home/wpcom/public_html/wp-content/blogs.dir/fa4/182727644/files/2020/09/img-20200912-wa0002.jpg";s:5:"sizes";a:0:{}s:10:"image_meta";a:12:{s:8:"aperture";s:1:"0";s:6:"credit";s:0:"";s:6:"camera";s:0:"";s:7:"caption";s:0:"";s:17:"created_timestamp";s:1:"0";s:9:"copyright";s:0:"";s:12:"focal_length";s:1:"0";s:3:"iso";s:1:"0";s:13:"shutter_speed";s:1:"0";s:5:"title";s:0:"";s:11:"orientation";s:1:"0";s:8:"keywords";a:0:{}}s:8:"filesize";i:71239;}]]></wp:meta_value>
		</wp:postmeta>
	</item>
	<item>
		<title>img-20200911-wa0010-1</title>
		<link>https://onlinevirtualassistantsa.wordpress.com/img-20200911-wa0010-1/</link>
		<pubDate>Sat, 12 Sep 2020 15:24:35 +0000</pubDate>
		<dc:creator>luyandavirtual</dc:creator>
		<guid isPermaLink="false">http://onlinevirtualassistantsa.files.wordpress.com/2020/09/img-20200911-wa0010-1.jpg</guid>
		<description></description>
		<content:encoded><![CDATA[]]></content:encoded>
		<excerpt:encoded><![CDATA[]]></excerpt:encoded>
		<wp:post_id>159</wp:post_id>
		<wp:post_date>2020-09-12 15:24:35</wp:post_date>
		<wp:post_date_gmt>2020-09-12 15:24:35</wp:post_date_gmt>
		<wp:comment_status>closed</wp:comment_status>
		<wp:ping_status>closed</wp:ping_status>
		<wp:post_name>img-20200911-wa0010-1</wp:post_name>
		<wp:status>inherit</wp:status>
		<wp:post_parent>0</wp:post_parent>
		<wp:menu_order>0</wp:menu_order>
		<wp:post_type>attachment</wp:post_type>
		<wp:post_password></wp:post_password>
		<wp:is_sticky>0</wp:is_sticky>
		<wp:attachment_url>https://onlinevirtualassistantsa.files.wordpress.com/2020/09/img-20200911-wa0010-1.jpg</wp:attachment_url>
		<wp:postmeta>
			<wp:meta_key>_wp_attached_file</wp:meta_key>
			<wp:meta_value><![CDATA[/home/wpcom/public_html/wp-content/blogs.dir/fa4/182727644/files/2020/09/img-20200911-wa0010-1.jpg]]></wp:meta_value>
		</wp:postmeta>
		<wp:postmeta>
			<wp:meta_key>_wp_attachment_metadata</wp:meta_key>
			<wp:meta_value><![CDATA[a:6:{s:5:"width";i:1280;s:6:"height";i:853;s:4:"file";s:98:"/home/wpcom/public_html/wp-content/blogs.dir/fa4/182727644/files/2020/09/img-20200911-wa0010-1.jpg";s:5:"sizes";a:0:{}s:10:"image_meta";a:12:{s:8:"aperture";s:1:"0";s:6:"credit";s:0:"";s:6:"camera";s:0:"";s:7:"caption";s:0:"";s:17:"created_timestamp";s:1:"0";s:9:"copyright";s:0:"";s:12:"focal_length";s:1:"0";s:3:"iso";s:1:"0";s:13:"shutter_speed";s:1:"0";s:5:"title";s:0:"";s:11:"orientation";s:1:"0";s:8:"keywords";a:0:{}}s:8:"filesize";i:47720;}]]></wp:meta_value>
		</wp:postmeta>
	</item>
	<item>
		<title>img-20200911-wa0002-2</title>
		<link>https://onlinevirtualassistantsa.wordpress.com/img-20200911-wa0002-2-2/</link>
		<pubDate>Sat, 12 Sep 2020 15:24:42 +0000</pubDate>
		<dc:creator>luyandavirtual</dc:creator>
		<guid isPermaLink="false">http://onlinevirtualassistantsa.files.wordpress.com/2020/09/img-20200911-wa0002-2.jpg</guid>
		<description></description>
		<content:encoded><![CDATA[]]></content:encoded>
		<excerpt:encoded><![CDATA[]]></excerpt:encoded>
		<wp:post_id>160</wp:post_id>
		<wp:post_date>2020-09-12 15:24:42</wp:post_date>
		<wp:post_date_gmt>2020-09-12 15:24:42</wp:post_date_gmt>
		<wp:comment_status>closed</wp:comment_status>
		<wp:ping_status>closed</wp:ping_status>
		<wp:post_name>img-20200911-wa0002-2-2</wp:post_name>
		<wp:status>inherit</wp:status>
		<wp:post_parent>0</wp:post_parent>
		<wp:menu_order>0</wp:menu_order>
		<wp:post_type>attachment</wp:post_type>
		<wp:post_password></wp:post_password>
		<wp:is_sticky>0</wp:is_sticky>
		<wp:attachment_url>https://onlinevirtualassistantsa.files.wordpress.com/2020/09/img-20200911-wa0002-2.jpg</wp:attachment_url>
		<wp:postmeta>
			<wp:meta_key>_wp_attached_file</wp:meta_key>
			<wp:meta_value><![CDATA[/home/wpcom/public_html/wp-content/blogs.dir/fa4/182727644/files/2020/09/img-20200911-wa0002-2.jpg]]></wp:meta_value>
		</wp:postmeta>
		<wp:postmeta>
			<wp:meta_key>_wp_attachment_metadata</wp:meta_key>
			<wp:meta_value><![CDATA[a:6:{s:5:"width";i:1280;s:6:"height";i:1280;s:4:"file";s:98:"/home/wpcom/public_html/wp-content/blogs.dir/fa4/182727644/files/2020/09/img-20200911-wa0002-2.jpg";s:5:"sizes";a:0:{}s:10:"image_meta";a:12:{s:8:"aperture";s:1:"0";s:6:"credit";s:0:"";s:6:"camera";s:0:"";s:7:"caption";s:0:"";s:17:"created_timestamp";s:1:"0";s:9:"copyright";s:0:"";s:12:"focal_length";s:1:"0";s:3:"iso";s:1:"0";s:13:"shutter_speed";s:1:"0";s:5:"title";s:0:"";s:11:"orientation";s:1:"0";s:8:"keywords";a:0:{}}s:8:"filesize";i:33889;}]]></wp:meta_value>
		</wp:postmeta>
	</item>
	<item>
		<title>img-20200911-wa0002-3</title>
		<link>https://onlinevirtualassistantsa.wordpress.com/img-20200911-wa0002-3/</link>
		<pubDate>Sat, 12 Sep 2020 15:40:53 +0000</pubDate>
		<dc:creator>luyandavirtual</dc:creator>
		<guid isPermaLink="false">http://onlinevirtualassistantsa.files.wordpress.com/2020/09/img-20200911-wa0002-3.jpg</guid>
		<description></description>
		<content:encoded><![CDATA[]]></content:encoded>
		<excerpt:encoded><![CDATA[]]></excerpt:encoded>
		<wp:post_id>170</wp:post_id>
		<wp:post_date>2020-09-12 15:40:53</wp:post_date>
		<wp:post_date_gmt>2020-09-12 15:40:53</wp:post_date_gmt>
		<wp:comment_status>closed</wp:comment_status>
		<wp:ping_status>closed</wp:ping_status>
		<wp:post_name>img-20200911-wa0002-3</wp:post_name>
		<wp:status>inherit</wp:status>
		<wp:post_parent>0</wp:post_parent>
		<wp:menu_order>0</wp:menu_order>
		<wp:post_type>attachment</wp:post_type>
		<wp:post_password></wp:post_password>
		<wp:is_sticky>0</wp:is_sticky>
		<wp:attachment_url>https://onlinevirtualassistantsa.files.wordpress.com/2020/09/img-20200911-wa0002-3.jpg</wp:attachment_url>
		<wp:postmeta>
			<wp:meta_key>_wp_attached_file</wp:meta_key>
			<wp:meta_value><![CDATA[/home/wpcom/public_html/wp-content/blogs.dir/fa4/182727644/files/2020/09/img-20200911-wa0002-3.jpg]]></wp:meta_value>
		</wp:postmeta>
		<wp:postmeta>
			<wp:meta_key>_wp_attachment_metadata</wp:meta_key>
			<wp:meta_value><![CDATA[a:6:{s:5:"width";i:1280;s:6:"height";i:1280;s:4:"file";s:98:"/home/wpcom/public_html/wp-content/blogs.dir/fa4/182727644/files/2020/09/img-20200911-wa0002-3.jpg";s:5:"sizes";a:0:{}s:10:"image_meta";a:12:{s:8:"aperture";s:1:"0";s:6:"credit";s:0:"";s:6:"camera";s:0:"";s:7:"caption";s:0:"";s:17:"created_timestamp";s:1:"0";s:9:"copyright";s:0:"";s:12:"focal_length";s:1:"0";s:3:"iso";s:1:"0";s:13:"shutter_speed";s:1:"0";s:5:"title";s:0:"";s:11:"orientation";s:1:"0";s:8:"keywords";a:0:{}}s:8:"filesize";i:33889;}]]></wp:meta_value>
		</wp:postmeta>
	</item>
	<item>
		<title>img-20200912-wa0002-1</title>
		<link>https://onlinevirtualassistantsa.wordpress.com/img-20200912-wa0002-1/</link>
		<pubDate>Sat, 12 Sep 2020 15:41:06 +0000</pubDate>
		<dc:creator>luyandavirtual</dc:creator>
		<guid isPermaLink="false">http://onlinevirtualassistantsa.files.wordpress.com/2020/09/img-20200912-wa0002-1.jpg</guid>
		<description></description>
		<content:encoded><![CDATA[]]></content:encoded>
		<excerpt:encoded><![CDATA[]]></excerpt:encoded>
		<wp:post_id>171</wp:post_id>
		<wp:post_date>2020-09-12 15:41:06</wp:post_date>
		<wp:post_date_gmt>2020-09-12 15:41:06</wp:post_date_gmt>
		<wp:comment_status>closed</wp:comment_status>
		<wp:ping_status>closed</wp:ping_status>
		<wp:post_name>img-20200912-wa0002-1</wp:post_name>
		<wp:status>inherit</wp:status>
		<wp:post_parent>0</wp:post_parent>
		<wp:menu_order>0</wp:menu_order>
		<wp:post_type>attachment</wp:post_type>
		<wp:post_password></wp:post_password>
		<wp:is_sticky>0</wp:is_sticky>
		<wp:attachment_url>https://onlinevirtualassistantsa.files.wordpress.com/2020/09/img-20200912-wa0002-1.jpg</wp:attachment_url>
		<wp:postmeta>
			<wp:meta_key>_wp_attached_file</wp:meta_key>
			<wp:meta_value><![CDATA[/home/wpcom/public_html/wp-content/blogs.dir/fa4/182727644/files/2020/09/img-20200912-wa0002-1.jpg]]></wp:meta_value>
		</wp:postmeta>
		<wp:postmeta>
			<wp:meta_key>_wp_attachment_metadata</wp:meta_key>
			<wp:meta_value><![CDATA[a:6:{s:5:"width";i:853;s:6:"height";i:1280;s:4:"file";s:98:"/home/wpcom/public_html/wp-content/blogs.dir/fa4/182727644/files/2020/09/img-20200912-wa0002-1.jpg";s:5:"sizes";a:0:{}s:10:"image_meta";a:12:{s:8:"aperture";s:1:"0";s:6:"credit";s:0:"";s:6:"camera";s:0:"";s:7:"caption";s:0:"";s:17:"created_timestamp";s:1:"0";s:9:"copyright";s:0:"";s:12:"focal_length";s:1:"0";s:3:"iso";s:1:"0";s:13:"shutter_speed";s:1:"0";s:5:"title";s:0:"";s:11:"orientation";s:1:"0";s:8:"keywords";a:0:{}}s:8:"filesize";i:71239;}]]></wp:meta_value>
		</wp:postmeta>
	</item>
	<item>
		<title>img-20200911-wa0010-2</title>
		<link>https://onlinevirtualassistantsa.wordpress.com/img-20200911-wa0010-2/</link>
		<pubDate>Sat, 12 Sep 2020 15:41:15 +0000</pubDate>
		<dc:creator>luyandavirtual</dc:creator>
		<guid isPermaLink="false">http://onlinevirtualassistantsa.files.wordpress.com/2020/09/img-20200911-wa0010-2.jpg</guid>
		<description></description>
		<content:encoded><![CDATA[]]></content:encoded>
		<excerpt:encoded><![CDATA[]]></excerpt:encoded>
		<wp:post_id>173</wp:post_id>
		<wp:post_date>2020-09-12 15:41:15</wp:post_date>
		<wp:post_date_gmt>2020-09-12 15:41:15</wp:post_date_gmt>
		<wp:comment_status>closed</wp:comment_status>
		<wp:ping_status>closed</wp:ping_status>
		<wp:post_name>img-20200911-wa0010-2</wp:post_name>
		<wp:status>inherit</wp:status>
		<wp:post_parent>0</wp:post_parent>
		<wp:menu_order>0</wp:menu_order>
		<wp:post_type>attachment</wp:post_type>
		<wp:post_password></wp:post_password>
		<wp:is_sticky>0</wp:is_sticky>
		<wp:attachment_url>https://onlinevirtualassistantsa.files.wordpress.com/2020/09/img-20200911-wa0010-2.jpg</wp:attachment_url>
		<wp:postmeta>
			<wp:meta_key>_wp_attached_file</wp:meta_key>
			<wp:meta_value><![CDATA[/home/wpcom/public_html/wp-content/blogs.dir/fa4/182727644/files/2020/09/img-20200911-wa0010-2.jpg]]></wp:meta_value>
		</wp:postmeta>
		<wp:postmeta>
			<wp:meta_key>_wp_attachment_metadata</wp:meta_key>
			<wp:meta_value><![CDATA[a:6:{s:5:"width";i:1280;s:6:"height";i:853;s:4:"file";s:98:"/home/wpcom/public_html/wp-content/blogs.dir/fa4/182727644/files/2020/09/img-20200911-wa0010-2.jpg";s:5:"sizes";a:0:{}s:10:"image_meta";a:12:{s:8:"aperture";s:1:"0";s:6:"credit";s:0:"";s:6:"camera";s:0:"";s:7:"caption";s:0:"";s:17:"created_timestamp";s:1:"0";s:9:"copyright";s:0:"";s:12:"focal_length";s:1:"0";s:3:"iso";s:1:"0";s:13:"shutter_speed";s:1:"0";s:5:"title";s:0:"";s:11:"orientation";s:1:"0";s:8:"keywords";a:0:{}}s:8:"filesize";i:47720;}]]></wp:meta_value>
		</wp:postmeta>
	</item>
</channel>
</rss>
